Lexical Form,"Alternative (e.g., Contracted) Form",Gloss,Part of Speech,Chapter(s)
βαδίζω,,walk; go,ῥῆμα,1
καθίζω,,"sit, set, place",ῥῆμα,"1, 8"
φέρω,,carry,ῥῆμα,1
ὁ ἥλιος,,sun,ὄνομα,1
ὁ χρόνος,,time,ὄνομα,1
αὐτόν,,him; it,ἀντωνυμία,1
ἰσχυρός,,strong,ἐπίθετον,1
χαλεπός,,"difficult; cruel, fierce",ἐπίθετον,1
οἰκέω,οἰκῶ,"live, dwell",ῥῆμα,1
ὁ ἀγρός,,"field, land, countryside",ὄνομα,1
ὁ αὐτουργός,,farmer,ὄνομα,1
γεωργέω,γεωργῶ,"cultivate (earth), till (soil)",ῥῆμα,1
οὖν,,"so, then, therefore; certainly, really",μόριον,1
ὁ κλῆρος,,"farm, lot; allotment",ὄνομα,1
καταδύνω,καταδύω,"go down, sink, (sun) set",ῥῆμα,1
κατατρίβω,,exhaust; wear out/away,ῥῆμα,1
πονέω,πονῶ,work hard; toil,ῥῆμα,1
σκάπτω,,dig,ῥῆμα,1
φιλέω,φιλῶ,"love, like; kiss; enjoy",ῥῆμα,1
φλέγω,,"burn, kindle, inflame; arouse",ῥῆμα,1
ὁ μόσχος,,"calf, young bull",ὄνομα,1
ὁ πόνος,,(hard) work; exercise,ὄνομα,1
ὁ σῖτος,,"grain, bread, food",ὄνομα,1
ἄοκνος,,"resolute, without hesitation",ἐπίθετον,1
ἀπέραντος,,"endless, boundless, vast",ἐπίθετον,1
ἐκβαίνω,,step out; come out,ῥῆμα,2
ἐλαύνω,,drive,ῥῆμα,2
ἐλθέ,,come!,ῥῆμα,2
καθεύδω,,sleep,ῥῆμα,2
καλῶ,,call,ῥῆμα,2
πάρειμι,,"be present, here, there",ῥῆμα,2
σπεύδω,,hurry,ῥῆμα,2
τὸ ἄροτρον,,plow,ὄνομα,2
ὁ δοῦλος,,slave,ὄνομα,2
ἐγώ,,I,ὄνομα,2
ἀργός,,"lazy, idle (also white/bright)",ἐπίθετον,2
μή,,"not, don't",ἐπίρρημα,2
οὕτω(ς),,"so, thus",ἐπίρρημα,2
τί;,,what?,ἐπίρρημα,2
μέν...δέ,,on the one hand...on the other hand,μόριον,2
ἄγω,,lead; take,ῥῆμα,2
βαίνω,,step; walk; go,ῥῆμα,2
βλέπω,,look; see,ῥῆμα,2
λαμβάνω,,take,ῥῆμα,"2, 11"
συλλαμβάνω,,help,ῥῆμα,2
ὁ βοῦς,,ox,ὄνομα,2
τὸ δένδρον,,tree,ὄνομα,2
ὁ δεσπότης,,master,ὄνομα,2
εἰς,,into; to; at,πρόθεσις,2
βραδέως,,slowly,ἐπίρρημα,2
ἔπειτα,,"then, thereafter",ἐπίρρημα,2
ἤδη,,already; now,ἐπίρρημα,2
ἅπτω,,"join, fasten to, bind",ῥῆμα,2
προσάπτω,,"fasten/attach to; bestow upon, grant",ῥῆμα,2
ἀροτρεύω,"ἀρόω, ἀρῶ",plow (the earth/field),ῥῆμα,2
εἰσβαίνω,,enter (go into),ῥῆμα,2
κεντέω,κεντῶ,"prick, goad, stab, torment",ῥῆμα,2
πληθύνω,πληθύω,"increase, multiply",ῥῆμα,2
τὸ κέντρον,,"sharp point; goad, spike; sting",ὄνομα,2
ἡ ῥάβδος,,"rod, staff, stick; shaft",ὄνομα,2
ἡ σκιά,,"shadow, shade",ὄνομα,2
τὸ σπέρμα,,"seed, semen",ὄνομα,2
ἵλεως,ἵλαος,"gracious, merciful; kind, gentle",ἐπίθετον,2
κατάρατος,,"accursed, abominable",ἐπίθετον,2
ἕωθεν,,early in the morning,ἐπίρρημα,2
μένω,,stay; wait; wait for,ῥῆμα,3
πίπτω,,fall,ῥῆμα,3
προσχωρέω,προσχωρῶ,"go toward, approach (+dat)",ῥῆμα,3
φησί(ν),,(s)he says,ῥῆμα,3
ὁ λίθος,,stone,ὄνομα,3
αὐτό,,it,ἀντωνυμία,3
αἴτιος,,responsible (for); to blame,ἐπίθετον,3
μέγας,,"big, large; great",ἐπίθετον,3
ἐκ,,out of (+gen),πρόθεσις,3
αὖθις,,again,ἐπίρρημα,3
δεῦρο,,"here, hither",ἐπίρρημα,3
ἔτι,,still,ἐπίρρημα,3
οὐκέτι,,no longer,ἐπίρρημα,3
τε...καί,,both...and,μόριον,3
λείπω,,leave,ῥῆμα,"3, 11"
λύω,,"loosen, loose",ῥῆμα,3
τὸ δεῖπνον,,dinner,ὄνομα,3
ὁ/ἡ παῖς,,child,ὄνομα,3
ὁ πατήρ,,father,ὄνομα,3
σύ,,you,ἀντωνυμία,3
ἀνδρεῖος,,brave,ἐπίθετον,3
πολλοί,,many (masc.),ἐπίθετον,3
τοσοῦτος,,so great; so many,ἐπίθετον,3
ἐν,,in; on,πρόθεσις,3
μηκέτι,,any longer,ἐπίρρημα,3
ἐπεί,,when; since,σύνδεσμος,3
δρέπω,,"pick, pluck",ῥῆμα,3
ἐκφέρω,,bring/carry out,ῥῆμα,3
ἐμποδίζω,,"hinder, thwart, prevent",ῥῆμα,3
ἐξετάζω,,"examine, question; estimate",ῥῆμα,3
θεραπεύω,,"attend, serve, heal",ῥῆμα,3
καταβάλλω,,"drop, (over)throw; reject; slay",ῥῆμα,3
κατασείω,,shake/throw down,ῥῆμα,3
ὀλισθάνω,,"slip (and fall), slide",ῥῆμα,3
πταίω,,"stumble, trip, fall",ῥῆμα,3
ῥᾳδιουργέω,ῥᾳδιουργῶ,do easily/lazily; misbehave,ῥῆμα,3
σπείρω,,sow,ῥῆμα,3
φλυαρέω,φλυαρῶ,babble; play the fool,ῥῆμα,3
φυτεύω,,"plant; beget; produce, cause",ῥῆμα,3
ἡ ἄμπελος,,(grape)vine; vineyard,ὄνομα,"3, 30"
ὁ ἄροτος,,crop; plowing; season,ὄνομα,3
ὁ γεωργός,,farmer,ὄνομα,3
ἡ ἐλαία,,olive (tree),ὄνομα,3
τὸ ἔλαιον,,olive oil,ὄνομα,3
ὁ σάκκος,,sack(cloth),ὄνομα,3
ἀκίνητος,,"unmoved, motionless, idle",ἐπίθετον,3
σκαιός,,left (side); west; unlucky; clumsy; stupid,ἐπίθετον,3
μαστιγίας,μαστιγίης,worthless slave; sorry knave,ὄνομα,3
ἀκούω,,listen (to); hear (person +gen / thing +acc),ὄνομα,4
ἐθέλω,,be willing; wish,ὄνομα,4
ἔχω,,have;hold,ὄνομα,4
θεωρέω,θεωρῶ,watch; see,ὄνομα,4
ποιέω,ποιῶ,make; do,ὄνομα,4
χαίρω,,rejoice,ὄνομα,4
χαῖρε(τε),,greetings!,ὄνομα,4
ὁ ἄγγελος,,messenger,ὄνομα,4
ὁ ἀνήρ,,man; husband,ὄνομα,4
ἡ γυνή,,woman; wife,ὄνομα,4
ἡ ἑορτή,,festival,ὄνομα,4
ἡ θυγάτηρ,,daughter,ὄνομα,4
ὁ καιρός,,time; right time,ὄνομα,4
ἡ κρήνη,,spring,ὄνομα,4
ἡ ὑδρία,,water jar,ὄνομα,4
ὁ χορός,,dance; chorus,ὄνομα,4
ἀπό,,from (+gen),ὄνομα,4
πρός,,"at, near, by (+dat); to, toward; against (+acc)",ὄνομα,4
ἰδού,,look!,ὄνομα,4
μάλα,,very,ἐπίρρημα,4
μόλις,,with difficulty; scarcely; reluctantly,ὄνομα,4
ταχέως,,"quickly, swiftly",ἐπίρρημα,4
ἐν νῷ ἔχω,,have in mind; intend,λόγος,4
πείθω,,persuade,ῥῆμα,4
στενάζω,,groan,ῥῆμα,4
ἡ γῆ,,land; earth; ground,ὄνομα,4
ἡ ὁδός,,road; way; journey,ὄνομα,4
ἄλλος,,"other, another",ὄνομα,4
ῥᾴδιος,,easy,ἐπίθετον,4
ἀεί,,always,ἐπίρρημα,4
μάλιστα,,most (of all); very much; especially,ἐπίθετον,4
οἴκαδε,,homeward,ἐπίθετον,4
ἀγανακτέω,ἀγανακτῶ,"feel violent irritation, be angry (at)",ῥῆμα,4
ἀγαπάω,ἀγαπῶ,"show affection, be fond of, love",ῥῆμα,4
ἀμέλγω,,"milk, drain; drink",ῥῆμα,4
ἀνατέλλω,,(make) rise (up); bring forth,ῥῆμα,4
γεμίζω,,"fill, load",ῥῆμα,4
διαπεράω,διαπερῶ,go over/across; pass through,ῥῆμα,4
θραύω,,"break, shatter",ῥῆμα,4
κολάζω,,"punish, correct",ῥῆμα,4
οἰκοδομέω,οἰκοδομῶ,build (up/a house); embolden,ῥῆμα,4
παίζω,,play; joke; dance,ῥῆμα,4
πιέζω,,"squeeze, (re)press, stifle",ῥῆμα,4
προσκλύζω,,wash with waves,ῥῆμα,4
σχολάζω,,have leisure; linger; be vacant,ῥῆμα,4
χαλεπαίνω,,"be severe, violent; sorely angry",ῥῆμα,4
ψέγω,,"blame, censure",ῥῆμα,4
ἄγροικος,,rustic; countryman; uncultivated,ἐπίθετον,4
τὸ αὔλιον,,"cottage; stable; chamber, cave",ὄνομα,4
ἡ δέσποινα,,"mistress, lady of the house",ὄνομα,4
τὸ ἐργαστήριον,,"workplace, workshop; mine, quarry",ὄνομα,4
τὸ καπηλεῖον,,"shop, esp. tavern",ὄνομα,4
ἡ κλίνη,,"bed, couch",ὄνομα,4
τὸ σῦκον,,fig; vulva,ὄνομα,4
ἄθλιος,ἀέθλιος,"struggling, wretched, miserable",ἐπίθετον,4
ἄτοπος,,"out of place, unusual, unnatural",ἐπίθετον,4
καρποφόρος,,fruitful,ἐπίθετον,4
μεστός,,full,ἐπίθετον,4
αὐτίκα,,"straightway, at once",ἐπίρρημα,"4, 27"
ἑορτὴν ἄγω,"ἑορτὴν ποιῶ, ἑορτὴν ποιέω",celebrate a festival,λόγος,4
μὰ τὸν Δία,,by Zeus!,λόγος,4
ὅλην τὴν ἡμέραν,,all day,λόγος,4
οὐδὲν ἧττον,οὐδὲν ἧσσον,even more,λόγος,4
ποῖ (βαίνεις) καὶ πόθεν (ἥκεις);,,where to and where from?,λόγος,4
συνθήκην ἐποιήσατο πρός τινα ξένον,,made a deal/agreement with a certain foreigner,λόγος,4
ἄπειμι,,be away (from),ῥῆμα,5
βοάω,βοῶ,shout,ῥῆμα,5
διώκω,,"pursue, chase",ῥῆμα,5
ζητέω,ζητῶ,"seek, look for",ῥῆμα,5
ἴθι-ἴτε,,go!,ῥῆμα,5
ὁράω,ὁρῶ,see,ῥῆμα,5
τιμάω,τιμῶ,honor,ῥῆμα,5
τρέχω,,run,ῥῆμα,"5, 18"
φεύγω,,flee; escape,ῥῆμα,5
φυλάττω,,guard,ῥῆμα,5
ὁ/ἡ κύων,,dog,ὄνομα,5
ὁ λύκος,,wolf,ὄνομα,5
ἡ οἰκία,,house; home,ὄνομα,5
τὸ ὄρος,,mountain; hill,ὄνομα,5
ὁ πάππος,,grandfather,ὄνομα,5
τὰ πρόβατα,,sheep,ὄνομα,5
ἄκρος,,top (of),ἐπίθετον,5
ῥάθυμος,,careless,ἐπίθετον,5
ἀνά,,up (+acc),πρόθεσις,5
κατά,,down (+acc),πρόθεσις,5
ποῦ,,where?,ἐπίρρημα,5
οὐδέ,,and...not; nor; not even,σύνδεσμος,5
οὔτε...οὔτε,,neither...nor,σύνδεσμος,5
ὥστε,,"(so) that, so as to",σύνδεσμος,5
δι ̓ ὀλίγου,,soon,λόγος,5
γιγνώσκω,,"get to know, learn",ῥῆμα,5
ἥκω,,have come,ῥῆμα,5
θαυμάζω,,am amazed; wonder at; admire,ῥῆμα,5
πάσχω,,suffer; experience,ῥῆμα,5
τύπτω,,"strike, hit",ῥῆμα,5
ὁ μῦθος,,story,ὄνομα,5
ἡμεῖς,,we,ἀντωνυμία,5
ὑμεῖς,,you,ἀντωνυμία,5
ἀγαθός,,good,ἐπίθετον,5
ἄγριος,,savage; wild; fierce,ἐπίθετον,5
πρῶτος,,first,ἐπίθετον,5
ὑπό,,"under, by (+acc/dat); underneath, from, by (+gen)",πρόθεσις,5
ἐνταῦθα,,then; here; there,ἐπίρρημα,5
νῦν,,now,ἐπίρρημα,5
καί...καί,,both...and,σύνδεσμος,5
ὅτι,,that,σύνδεσμος,5
ἀθυμέω,ἀθυμῶ,"lose heart, be despondent",ῥῆμα,5
ἀσπαίρω,,"gasp, pant, struggle",ῥῆμα,5
ἔνειμι,,be in/among; be possible,ῥῆμα,5
ἐπιθυμέω,ἐπιθυμῶ,"desire, want (to)",ῥῆμα,5
θορυβέω,θορυβῶ,make noise; trouble,ῥῆμα,5
καταβαίνω,,go/come down,ῥῆμα,5
καταπίπτω,,"fall, drop (down)",ῥῆμα,5
ὑλακτέω,ὑλακτῶ,bark,ῥῆμα,5
ἡ βακτηρία,,"rod, staff, cane",ὄνομα,5
ὁ κῆπος,,garden; female genitals,ὄνομα,5
ὁ λαγώς,,hare; coward,ὄνομα,5
ἡ μαμμία,,mother,ὄνομα,5
τὸ μειράκιον,,"boy, lad",ὄνομα,5
ὁ ψόφος,,"noise, sound",ὄνομα,5
ὀδάξ,,with teeth (by biting),ἐπίρρημα,5
ἄκρον τὸ ὄρος,,the top of the mountain,λόγος,5
ἐνταῦθα δή,,"at that very moment, then",λόγος,5
ἴθι δή,,go on!,λόγος,5
ἀποκτείνω,,kill,ῥῆμα,6
ἀφικνέομαι,,arrive (at),ῥῆμα,6
βασιλεύω,,rule,ῥῆμα,6
βοηθέω,βοηθῶ,come to rescue/aid (+dat),ῥῆμα,6
βούλομαι,,want; wish,ῥῆμα,6
γίγνομαι,,become,ῥῆμα,6
δέχομαι,,receive,ῥῆμα,6
ἐκφεύγω,,"flee out, escape",ῥῆμα,6
ἔρχομαι,,come; go,ῥῆμα,6
ἀπέρχομαι,,go away,ῥῆμα,6
πείθομαι,,obey (+dat),ῥῆμα,6
πέμπω,,send,ῥῆμα,6
πλέω,,sail,ῥῆμα,6
σῴζω,,save,ῥῆμα,6
φοβέομαι,φοβοῦμαι,"am frightened, afraid; fear",ῥῆμα,6
ὁ βασιλεύς,,king,ὄνομα,6
ὁ ἑταῖρος,,companion,ὄνομα,6
ἡ ἡμέρα,,day,ὄνομα,6
ἡ ναῦς,,ship,ὄνομα,6
ἡ νῆσος,,island,ὄνομα,6
ἡ νύξ,,night,ὄνομα,6
ὁ πάππας,,papa,ὄνομα,6
ἡ παρθένος,,maiden; girl,ὄνομα,6
μετά,,with (+gen); after (+acc),πρόθεσις,6
ἐκεῖ,,there,ἐπίρρημα,6
αἱ Ἀθῆναι,,Athens,ὄνομα,6
ἐξέρχομαι,,come/go out of,ῥῆμα,6
μάχομαι,,fight,ῥῆμα,6
παρέχω,,"hand over; supply, provide",ῥῆμα,6
πορεύομαι,,go; walk; march; journey,ῥῆμα,6
προχωρέω,προχωρῶ,"go forward; come forward, advance",ῥῆμα,6
φασί(ν),,they say,ῥῆμα,6
αἱ πύλαι,,double gates,ὄνομα,6
οὐδαμῶς,,"in no way, no",ἐπίρρημα,6
πολλάκις,,"many times, often",ἐπίρρημα,6
ὡς,,"as, when, that, to, how...!",ἐπίρρημα,6
γε,,at least (restrictive); indeed (intensive),μόριον,6
δή,,"indeed, in fact",μόριον,6
ἀνοίγω,,open,ῥῆμα,6
βρυχάομαι,βρυχῶμαι,roar,ῥῆμα,6
διακόπτω,,cut (in two/through),ῥῆμα,6
εἰσελαύνω,,drive in,ῥῆμα,6
ἡβάω,ἡβῶ,be in youthful prime,ῥῆμα,6
κλάζω,,make a piercing sound,ῥῆμα,6
κλείω,,shut,ῥῆμα,6
ὀσφραίνομαι,,"smell, track",ῥῆμα,6
πέπτω,"πέττω, πέσσω","soften, ripen; cook; digest",ῥῆμα,6
περαίνω,,"finish, accomplish",ῥῆμα,6
τὸ δεσμωτήριον,,"prison, jail",ὄνομα,6
τὸ λίνον,,"cord, thread; linen",ὄνομα,6
ἡ μεσημβρία,,"mid-day, noon",ὄνομα,6
ὁ μοχλός,,"bar, lever, crowbar",ὄνομα,6
τὸ ξίφος,,sword,ὄνομα,6
ὁ παππίας,,daddy,ὄνομα,6
ὁ σκότος,,darkness,ὄνομα,6
τὸ στῆθος,,"chest, breast",ὄνομα,6
ἐπεὶ πρῶτον,,as soon as,λόγος,6
κατ᾽ ἔτος,,every year,λόγος,6
τὸ ἥμισυ,,half,λόγος,6
αἱρέω,αἱρῶ,take,ῥῆμα,7
ἐπαίρω,,"lift, raise",ῥῆμα,7
ἐπαίρω ἐμαυτόν,,get myself up,λόγος,7
εὑρίσκω,,find,ῥῆμα,7
ἰέναι,,to go,ῥῆμα,7
κελεύω,,"order, tell (s.o. to do something)",ῥῆμα,7
παρασκευάζω,,prepare,ῥῆμα,7
ὁ/ἡ αἴξ,,goat,ὄνομα,7
ἡ θάλαττα,,sea,ὄνομα,7
τὸ ὄνομα,,name,ὄνομα,7
ἡ πόλις,,city,ὄνομα,7
τίς,,who? which? what?,ἑρωτηματικὴ ἀντωνυμία,7
τις,,someone; something; anyone; anything; some; a(n),ἀόριστη ἀντωνυμία,7
"οὐδείς, οὐδεμία, οὐδέν",,no (one); nothing,ἀντωνυμία,7
ἐμαυτοῦ,,of oneself,αὐτοπαθὴ ἀντωνυμία,7
μέγιστος,,very large; very great; largest; greatest,ἐπίθετον,7
περί,,about (+gen); around (+acc),πρόθεσις,7
ἀποκρίνομαι,,answer,ῥῆμα,7
βάλλω,,"throw; put; pelt; hit, strike",ῥῆμα,7
μέλλω,,be about/destined (to); intend (to),ῥῆμα,7
ὁρμάω,ὁρμῶ,set in motion; start; rush,ῥῆμα,7
παύω,,stop; cease from,ῥῆμα,7
ὁ ξένος,,foreigner; stranger,ὄνομα,7
ὁ οἶνος,,wine,ὄνομα,7
ὁ ὀφθαλμός,,eye,ὄνομα,7
τὸ πῦρ,,fire,ὄνομα,7
ὁ χειμών,,storm; winter,ὄνομα,7
δύο,,two,ἐπίθετον,7
εἷς,,one,ἐπίθετον,7
πᾶς,,all; every; whole,ἐπίθετον,7
σώφρων,,of sound mind; prudent; self-controlled,ἐπίθετον,7
ἐνθάδε,,here; hither; there; thither,ἐπίρρημα,7
πόθεν,,from where? whence?,ἐπίρρημα,7
πῶς,,how?,ἐπίρρημα,7
ἀναπηδάω,ἀναπηδῶ,jump/stand (up),ῥῆμα,7
ἁρπάζω,,"snatch, seize",ῥῆμα,7
βληχάομαι,βληχῶμαι,bleat,ῥῆμα,7
δεύω,,"wet, moisten",ῥῆμα,7
ἐκπέμπω,,"send out, dispatch",ῥῆμα,7
ἐκρέω,,flow out,ῥῆμα,7
ἐξαίρω,,"lift up, exalt; arouse",ῥῆμα,7
θερμαίνω,,"warm, heat",ῥῆμα,7
κατεσθίω,,"eat up, devour",ῥῆμα,7
μεθύω,,be drunk,ῥῆμα,7
σφάττω,"σφάζω, σφάσσω","slay, slaughter",ῥῆμα,7
σωφρονέω,,be of sound mind,ῥῆμα,7
ὑπέχω,,"hold under; uphold, support",ῥῆμα,7
ὁ αἰγιαλός,,"shore, beach",ὄνομα,7
τὸ ἄντρον,,cave,ὄνομα,7
ὁ ἀσκός,,"hide, (wine) skin",ὄνομα,7
τὸ δέρμα,,"skin, hide",ὄνομα,7
ὁ ἐγκέφαλος,,brain,ὄνομα,7
ἡ εἴσοδος,,entrance,ὄνομα,7
ἡ εὐδία,,fair weather,ὄνομα,7
ὁ ἡγεμών,,leader,ὄνομα,7
ὁ καπνός,,smoke,ὄνομα,7
ἡ λαμπάς,,torch,ὄνομα,7
τὸ μέτωπον,,"brow, forehead",ὄνομα,7
ὁ μυχός,,"innermost part, nook, corner",ὄνομα,7
τὸ ποίμνιον,,flock,ὄνομα,7
τὸ ῥόπαλον,,"club, cudgel",ὄνομα,7
ὁ φθόγγος,,sound,ὄνομα,7
ἄφρων,,senseless,ἐπίθετον,7
πολύμητις,,"crafty, shrewd",ἐπίθετον,7
πολύτροπος,,"much-travelled, various",ἐπίθετον,7
σῶος,"σῶς, σόος","safe, whole",ἐπίθετον,7
φοβερός,,fearful,ἐπίθετον,7
ἔνδον,,within,ἐπίρρημα,7
διαλέγομαι,,"talk to, converse with",ῥῆμα,8
ἕπομαι,,follow (+dat),ῥῆμα,8
ἐργάζομαι,,work; accomplish,ῥῆμα,8
θεάομαι,,"see, watch, look at",ῥῆμα,8
τὸ ἄστυ,,city,ὄνομα,8
τὸ ἔργον,,work; deed,ὄνομα,8
ἡ ἑσπέρα,,evening,ὄνομα,8
ὁ θεός,,god,ὄνομα,8
ἡ θύρα,,door,ὄνομα,8
ὁ ποιητής,,poet,ὄνομα,8
ἐκεῖσε,,"to that place, thither",ἐπίρρημα,8
εὖ,,well,ἐπίρρημα,8
οἴκοι,,at home,ἐπίρρημα,8
ὥσπερ,,just as,ἐπίρρημα,8
ὅμως,,nevertheless,σύνδεσμος,8
ἐν ᾧ,,while,λόγος,8
εὖ γε,,good! well done!,λόγος,8
ἀναβαίνω,,"go up, get up; climb, go up onto",ῥῆμα,8
ἐγείρω,,wake X up; wake up,ῥῆμα,8
εὔχομαι,,pray (to); pray (that),ῥῆμα,8
ἡ ἀγορά,,"city center, market place",ὄνομα,8
ὁ βωμός,,altar,ὄνομα,8
ὁ νεανίας,,young man,ὄνομα,8
ὁ πολίτης,,citizen,ὄνομα,8
ἡ χείρ,,hand,πρόθεσις,8
τέλος,,"in the end, finally",ἐπίρρημα,8
ἐν...τούτῳ,,meanwhile,λόγος,8
τῇ ὑστεραίᾳ,,on the next day,λόγος,8
ἀνδρίζω,,make a man of,ῥῆμα,8
ἀνέλκω,,drag/draw up,ῥῆμα,8
ἀποβλέπω,,look to(wards),ῥῆμα,8
ἀτιμάζω,,dishonor,ῥῆμα,8
γνωρίζω,,make known; discover,ῥῆμα,8
γυμνάζω,,"train, exercise",ῥῆμα,8
διατρίβω,,rub away; waste/pass time,ῥῆμα,8
εἰσέρχομαι,,"go/come into, enter",ῥῆμα,8
ἐξάγω,,lead/carry out,ῥῆμα,8
ἐξηγέομαι,ἐξηγοῦμαι,relate,ῥῆμα,"8, 12"
ἐπιμελέομαι,ἐπιμελοῦμαι,take care for (+gen),ῥῆμα,"8, 24"
ἐπισκοπέω,ἐπισκοπῶ,"observe, examine, watch over",ῥῆμα,8
ἐρείδω,,"lean, prop, support",ῥῆμα,8
προσεύχομαι,,"offer prayers (to), worship",ῥῆμα,8
κατασκοπέω,κατασκοπῶ,"view closely, spy",ῥῆμα,8
παιδοποιέω,παιδοποιῶ,beget/bear children,ῥῆμα,8
περισκοπέω,περισκοπῶ,look around; observe carefully,ῥῆμα,8
τεκνοποιέομαι,τεκνοποιοῦμαι,breed children,ῥῆμα,8
τίκτω,,"give birth, beget",ῥῆμα,8
τρέφω,,thicken; rear; maintain,ῥῆμα,8
ὑπακούω,,hearken; make answer,ῥῆμα,8
ὑφαίνω,,weave,ῥῆμα,8
ἡ αὐλή,,court(yard); hall,ὄνομα,8
τὸ θέατρον,,theatre; play; spectacle,ὄνομα,8
ἡ ἰσχύς,,"strength, power",ὄνομα,8
ὁ λιμός,,"famine, hunger",ὄνομα,8
ὁ λυκοκτόνος,,wolf-slayer,ὄνομα,8
τὸ μῆλον,,sheep; apple,ὄνομα,8
ἡ στιβάς,ἡ στοιβάς,bed/mattress of straw/leaves; branch,ὄνομα,8
τὸ φύλλον,,"leaf, plant",ὄνομα,8
ὁ χρυσός,,gold (coin),ὄνομα,8
ἀφνειός,,"rich, wealthy",ἐπίθετον,8
πολύμηλος,,rich in flocks,ἐπίθετον,8
ἅμα τῇ ἡμέρᾳ,ἅμ ̓ ἡμέρᾳ,at daybreak,λόγος,8
ἐς ἀριθμόν,,in the amount (of),λόγος,8
κακῶς λέγω τινά,,speak ill of somone,λόγος,8
νὴ (τὸν) Δία,,"yes, by Zeus!",λόγος,8
τοῦ λοιποῦ,,"henceforth, in the future",λόγος,8
ἔστω,,so be it,ῥῆμα,8
ἄγε,,come on!,ῥῆμα,9
ἐπανέρχομαι,,"come back, return (to)",ῥῆμα,9
ἐσθίω,,eat,ῥῆμα,"9, 19"
κάμνω,,be sick; tired,ῥῆμα,9
πίνω,,drink,ῥῆμα,9
ἡ ἀριστερά,,left hand,ὄνομα,9
ἡ δεξιά,,right hand,ὄνομα,9
ἡ θεός,,goddess,ὄνομα,9
τὸ ἱερόν,,temple,ὄνομα,9
ὁ κίνδυνος,,danger,ὄνομα,9
κάλλιστος,,most/very beautiful,ἐπίθετον,9
διά,,through (+gen); because of (+acc),πρόθεσις,9
αὐξάνω,,increase,ῥῆμα,9
καίω,,"kindle, burn",ῥῆμα,9
σιγάω,σιγῶ,be silent,ῥῆμα,9
τέρπομαι,,enjoy o.s.; enjoy X (+dat),ῥῆμα,9
ὁ γέρων,,old man,ὄνομα,9
ὁ δῆμος,,the people,ὄνομα,"9, 23"
τὸ ἱερεῖον,,sacrifical victim,ὄνομα,9
ὁ ἱερεύς,,priest,ὄνομα,9
ὁ κῆρυξ,,herald,ὄνομα,9
ὁ οὐρανός,,"sky, heaven",ὄνομα,9
ἡ πομπή,,procession,ὄνομα,9
ἄριστος,,best; very good; noble,ἐπίθετον,9
γέρων,,old,ἐπίθετον,9
ἕτοιμος,ἑτοῖμος,ready,ἐπίθετον,9
ἵλεως,,"propitious, gracious; kind, gentle",ἐπίθετον,9
μέσος,,middle (of),ἐπίθετον,9
ἀνέχω,,hold up,ῥῆμα,9
ἀπολύω,,"loose from, release",ῥῆμα,9
γηράσκω,,grow old,ῥῆμα,9
διαιρέω,διαιρῶ,"take apart, divide",ῥῆμα,9
διηγέομαι,διηγοῦμαι,describe,ῥῆμα,9
δοκέω,δοκῶ,"think, expect; seem",ῥῆμα,9
εἰσκαλέω,εἰσκαλῶ,call in,ῥῆμα,9
καθίζομαι,,"sit down, take a seat",ῥῆμα,9
κατατέμνω,,"cut in pieces, cut up",ῥῆμα,9
κηρύττω,κηρύσσω,"summon, proclaim, announce",ῥῆμα,9
κοσμέω,κοσμῶ,"order, arrange; adorn",ῥῆμα,9
κωμάζω,,"revel, make merry",ῥῆμα,9
λάμπομαι,,shine,ῥῆμα,9
πεινάω,πεινῶ,be hungry,ῥῆμα,9
προσήκω,,have come; belong to; befit,ῥῆμα,9
ὠθίζομαι,,"justle, struggle",ῥῆμα,9
ὠνέομαι,ὠνοῦμαι,buy,ῥῆμα,9
τὸ ἄγαλμα,,"glory, gift, statue",ὄνομα,9
ὁ ἀλλαντοπώλης,,sausage-seller,ὄνομα,9
ὁ ἀλλᾶς,,sausage,ὄνομα,9
ὁ ἄναξ,,"lord, master",ὄνομα,9
ὁ βότρυς,,bunch of grapes,ὄνομα,9
ἡ δαίς,,"feast, banquet",ὄνομα,9
ἡ εἰκών,,"likeness, image",ὄνομα,9
τὸ κανοῦν,τὸ κάνεον,bread-basket,ὄνομα,9
τὸ κρέας,,"flesh, meat",ὄνομα,9
ὁ μέτοικος,,"metic, immigrant",ὄνομα,9
τὸ ὄναρ,,"dream, vision",ὄνομα,9
τὰ προπύλαια,,gateway of temples,ὄνομα,9
τὸ σκάφιον,,small bowl,ὄνομα,9
ἡ στοά,,roofed colonnade; storehouse,ὄνομα,9
τὰ ὤνια,,goods for sale,ὄνομα,9
ἐνόπλιος,,armored,ἐπίθετον,9
ἥσυχος,,quiet,ἐπίθετον,9
πολιοῦχος,,protecting a city,ἐπίθετον,9
σκοτεινός,,dark,ἐπίθετον,9
ἐκποδών,,out of the way,ἐπίρρημα,9
πόρρω,πρόσω,"forwards, onwards",ἐπίρρημα,9
χαμαί,,on the ground,ἐπίρρημα,9
ἐκποδὼν γίγνομαι,ἐκποδὼν γίνομαι,get out of the way,λόγος,9
ὀργίλος,,prone to anger,ἐπίρρημα,9
ὀργίλως ἔχω,,be angry,λόγος,9
νικάω,,defeat; win,ῥῆμα,10
καλῶς,,well,ἐπίρρημα,10
φεῦ,,alas!,ἐπιφώνημα,10
αἴρω,,lift; get up,ῥῆμα,10
ἀποφεύγω,,"flee away, escape",ῥῆμα,10
δεῖ,,it's necessary,ῥῆμα,10
ἔξεστι(ν),,it's allowed/possible,ῥῆμα,10
καταλείπω,,"leave behind, desert",ῥῆμα,10
τρέπω,,turn,ῥῆμα,10
ἡ βοή,,shout,ὄνομα,10
ἡ κεφαλή,,head,ὄνομα,10
οἱ τεκόντες,,parents,ὄνομα,10
τὸ ὕδωρ,,water,ὄνομα,10
πρό,,before (+gen),πρόθεσις,10
εὐθύς,εὐθέως,"immediately, at once",ἐπίρρημα,10
ποτέ,,"at some/one time, once, ever",ἐπίρρημα,10
ἀναπνέω,ἀναπνῶ,breathe (again); recover,ῥῆμα,10
διαπράττω,διαπράσσω,pass over; accomplish; destroy,ῥῆμα,10
διοικέω,διοικῶ,"keep house, organize",ῥῆμα,10
εὐεργετέω,εὐεργετῶ,"benefit, do good (deeds)",ῥῆμα,10
καίομαι,,burn; be burned,ῥῆμα,10
κινέομαι,κινοῦμαι,"move; be moved, put in motion",ῥῆμα,10
μισέω,μισῶ,hate,ῥῆμα,10
ποθέω,ποθῶ,long for,ῥῆμα,"10, 30"
πολυπραγμονέω,πολυπραγμονῶ,multitask; meddle,ῥῆμα,10
σαλπίζω,,sound the trumpet,ῥῆμα,10
ὑμνέω,ὑμνῶ,"sing, chant (of); praise; recite",ῥῆμα,10
χορεύω,,dance,ῥῆμα,10
ὁ θρᾶνος,,bench; beam,ὄνομα,10
ἡ ὀρχήστρα,,orchestra (pit),ὄνομα,10
ὁ πόθος,,"longing, yearning, regret",ὄνομα,10
ὁ σαλπιγκτής,,trumpeter,ὄνομα,10
ὁ στέφανος,,"that which surrounds; crown, wreath",ὄνομα,10
ἡ τραγῳδία,,tragedy; serious poetry,ὄνομα,10
τλήμων,,"suffering, miserable; patient",ἐπίθετον,10
ἀμέλει,,"never mind; by all means, of course",ἐπίρρημα,10
ἄριστα,,"best, most excellently",ἐπίρρημα,10
ἐφεξῆς,,"in order, in a row",ἐπίρρημα,10
πρωΐ,"πρῶϊ, πρῷ",morning; early,ἐπίρρημα,10
κατὰ τὸ εἰκός,κατὰ τ ̓ εἰκός,in all likelihood,ἐπίρρημα,10
ἄνω,,up(wards); above,ἐπίρρημα,"10, 20"
καταχέω,,pour X (+acc) over Y (+gen),ῥῆμα,"10, 30"
αἰτέω,αἰτῶ,ask (for),ῥῆμα,11
ἀποθνῄσκω,,die,ῥῆμα,11
δακρύω,,"cry, weep",ῥῆμα,11
δοκεῖ,,it seems (good),ῥῆμα,11
εἰσάγω,,lead in; take in,ῥῆμα,11
ἔφη,,(s)he said,ῥῆμα,11
κομίζω,,bring; take,ῥῆμα,11
κόπτω,,strike; knock on (a door),ῥῆμα,11
μανθάνω,,learn; understand,ῥῆμα,11
σκοπέω,σκοπῶ,"look at, examine; consider",ῥῆμα,11
ὁ ἀδελφός,,brother,ὄνομα,11
ὁ ἱατρός,,doctor,ὄνομα,11
ὁ λόγος,,word; story,ὄνομα,11
σοφός,,skilled; wise; clever,ἐπίθετον,11
τυφλός,,blind,ἐπίθετον,11
παρά,,to (someone) (+acc),πρόθεσις,11
αὔριον,,tomorrow,ἐπίρρημα,11
εἰ,,if; whether,σύνδεσμος,11
καλῶς ἔχω,,I'm well,λόγος,11
πῶς ἔχεις;,,How are you?,λόγος,11
λέγω,,say,ῥῆμα,11
νοσέω,νοσῶ,"be sick, ill",ῥῆμα,11
ὠφελέω,ὠφελῶ,help; benefit,ῥῆμα,11
τὸ ἀργύριον,,silver; money,ὄνομα,11
ἡ δραχμή,,a large silver coin (6 obols),ὄνομα,11
ὁ μισθός,,reward; pay,ὄνομα,11
ὁ ὀβολός,,a small silver coin,ὄνομα,11
οἴμοι,,alas!,ῥῆμα,11
κατὰ θάλατταν,,by sea,λόγος,11
δανείζω,,lend,ῥῆμα,11
θαρρύνω,θαρσύνω,"encourage, embolden",ῥῆμα,11
λυπέομαι,λυποῦμαι,"grieve, be distress, pained",ῥῆμα,11
οἶμαι,οἴομαι,"think, suppose, believe",ῥῆμα,11
παραμυθέομαι,παραμυθοῦμαι,"encourage, console",ῥῆμα,11
ὑπολαμβάνω,,"take up, support; interrupt; interpret",ῥῆμα,11
ὁ ἀνδρών,,men's quarters; banqueting hall,ὄνομα,11
ὁ γυναικών,,women's quarters,ὄνομα,11
τὸ ζῷον,,"living being, animal",ὄνομα,11
ὁ ἰατρός,,"healer, physician",ὄνομα,11
ὁ κόραξ,,"raven, crow; hook",ὄνομα,11
ἡ κυψέλη,,"chest, box",ὄνομα,11
τὸ μάθημα,,"lesson; learning, knowledge",ὄνομα,11
τὸ πάθημα,,"suffering, misfortune",ὄνομα,11
ὁ πένης,,"laborer, worker",ὄνομα,11
τὸ σπήλαιον,,"grotto, cavern",ὄνομα,11
ἡ σωτηρία,,"deliverance, preservation",ὄνομα,11
τὸ τραῦμα,,"wound, damage, blow, defeat",ὄνομα,11
τὸ χάσμα,,"chasm, gulf",ὄνομα,11
εὔφρων,,"cheerful, merry; kindly, gracious, benevolent",ἐπίθετον,11
θαυμαστός,,"wonderful, marvelous",ἐπίθετον,11
πρεσβύτατος,,eldest,ἐπίθετον,11
τάλας,,"suffering, wretched",ἐπίθετον,11
φίλτατος,,nearest and dearest,ἐπίθετον,11
ἅλις,,(that's) enough; (in) plenty,ἐπίρρημα,11
ὀψέ,,late; too late,ἐπίρρημα,"11, 17"
πώποτε,,ever,ἐπίρρημα,"11, 30"
εἴ πως,,if somehow,σύνδεσμος,11
καίπερ,,although,σύνδεσμος,"11, 12"
βάλλ᾽ ἐς κόρακας,,go to hell!,λόγος,11
εἰς τοῦ ἰατροῦ,,to the doctor's,λόγος,11
κόπτω τὴν θύραν,,knock on the door,λόγος,11
οἷός τε γίγνομαι,,become able/possible,λόγος,11
πῶς γὰρ οὔ;,,of course it is; why not?,λόγος,11
πῶς ἔχεις;,,How are you?,λόγος,11
σὸν ἔργον,,your (own) business,λόγος,11
χάριν ἔχω,,give thanks,λόγος,11
πεζῇ,,"by foot; by walking (dative of πεζός, -ή, -ὀν)",ἐπιίθετον,11
ὦ δαιμόνιε,,good sir,ἐπίθετον,11
ἔσβησαν ,,"was quenched/extinguished, went out",ῥῆμα,11
ἀπορέω,ἀπορῶ,be at a loss,ῥῆμα,12
φροντίζω,,worry; care,ῥῆμα,12
ὁ ἡμίονος,,mule,ὄνομα,12
ὁ λιμήν,,harbor,ὄνομα,12
ὁ ὅμιλος,,crowd,ὄνομα,12
τὸ τεῖχος,,wall,ὄνομα,12
γεραιός,,old,ἐπίθετον,12
κακός,,bad; evil,ἐπίθετον,12
ὀρθός,,straight; right; correct,ἐπίθετον,12
τάχιστα,,most quickly/swiftly,ἐπίρρημα,12
ὡς τάχιστα,,as quickly as possible,ἐπίρρημα,12
ἤ,,or; than,σύνδεσμος,12
χαίρειν κελεύω,,bid farewell,λόγος,12
ἐρωτάω,,ask,ῥῆμα,12
φαίνομαι,,appear,ῥῆμα,12
ὁ ἔμπορος,,merchant,ὄνομα,12
ὁ ναύκληρος,,ship's captain,ὄνομα,12
ὁ ναύτης,,sailor,ὄνομα,12
πλείων,,more,ἐπίθετον,12
πλεῖστος,,most; very great/many,ἐπίθετον,12
Ἀθήναζε,,to(ward) Athens,ἐπίρρημα,12
μέγα,,greatly; loudly,ἐπίρρημα,12
τότε,,then,ἐπίρρημα,12
μάλιστά γε,,"certainly, indeed",λόγος,12
γαμέομαι,γαμοῦμαι,"give in marriage, betroth",ῥῆμα,12
ἐγείρομαι,,wake up; be excited,ῥῆμα,12
ἐλεέω,ἐλεῶ,"have pity on, show mercy to",ῥῆμα,12
ἐνδύομαι,,put on (clothes); enter,ῥῆμα,12
ἐπιλανθάνομαι,,forget,ῥῆμα,12
ἔχομαι,,hold on to; follow closely; depend on,ῥῆμα,12
ἰάομαι,,heal; repair,ῥῆμα,12
ἱκετεύω,,"supplicate, beseech",ῥῆμα,12
νέω,,swim; float,ῥῆμα,12
πειράομαι,πειρῶμαι,"try, attempt",ῥῆμα,12
πλανάομαι,πλανῶμαι,"wander, roam about",ῥῆμα,12
πλύνω,,"wash, clean",ῥῆμα,12
πωλέω,πωλῶ,"sell, barter; betray",ῥῆμα,12
τρέπομαι,,"turn, turn in flight",ῥῆμα,12
τὰ αἰδοῖα,,genitals,ὄνομα,12
ἡ ἀμφίπολος,,"handmaid, attendant; priestess",ὄνομα,12
ἡ ἄνασσα,,"queen, lady",ὄνομα,12
τὸ ἄνθος,,flower; brightness,ὄνομα,12
τὸ ἐνύπνιον,τ ̓ ἐνύπνιον,dream; vision,ὄνομα,12
ὁ θάμνος,,"bush, shrub",ὄνομα,12
ἡ θεράπαινα,,handmaid,ὄνομα,12
τὸ ἱμάτιον,θ ̓ ἱμάτιον,outer garment; cloak,ὄνομα,12
τὰ ἱμάτια,,clothes,ὄνομα,12
ὁ ἱστός,,"mast, beam; something upright",ὄνομα,12
ὁ κεραυνός,,thunderbolt,ὄνομα,12
ἡ νύμφη,,"young wife, bride, nymph",ὄνομα,12
τὸ οἰνοπώλιον,τ ̓ οἰνοπώλιον,wine-shop,ὄνομα,12
ἡ ὄψις,,"aspect, appearance",ὄνομα,12
ἡ πέτρα,,"rock, stone; ledge",ὄνομα,12
ὁ πόσις,,husband,ὄνομα,12
ὁ πτόρθος,,"young branch, shoot",ὄνομα,12
ὁ πτωχός,,beggar,ὄνομα,12
ἡ σφαῖρα,,ball; globe,ὄνομα,12
ὁ ὗς,σῦς,"pig, swine, hog",ὄνομα,12
τὸ φορτίον,,"load, burden, freight",ὄνομα,12
τὸ χῶμα,,"bank, mound (of dirt)",ὄνομα,12
ἀλλότριος,,"belonging to another; foreign, strange",ἐπίθετον,12
ἄλουτος,,unwashed,ἐπίθετον,12
ἀνθρώπινος,,human,ἐπίθετον,12
γυμνός,,naked; unarmed,ἐπίθετον,12
θνητός,,mortal,ἐπίθετον,12
ὁμαλός,,"even, level",ἐπίθετον,12
ὅμοιος,,"like, resembling",ἐπίθετον,12
πρᾶος,,"mild, soft, gentle, meek",ἐπίθετον,12
ὑπέρκοπος,,"overstepping all bounds, arrogant",ἐπίθετον,12
φιλάνθρωπος,,"humane, benevolent",ἐπίθετον,12
χωλός,,lame,ἐπίθετον,12
εὐμενῶς,,"favorably, kindly",ἐπίρρημα,12
πανταχόσε,,in all directions,ἐπίρρημα,12
πόρρωθεν,,from afar,ἐπίρρημα,12
διάγω τὸν βίον,,"pass life, live",λόγος,12
εἰς καιρόν,,in time,λόγος,12
ἐπὶ πόσῳ;,,(for) how much?,λόγος,12
κατὰ πόλιν,ἐν τῇ πόλει,in the city,λόγος,12
ὀλίγῳ ὕστερον,,a little later,λόγος,12
πῶς δαί;,τί δαί;,what (else) then?,λόγος,12
χοροὺς εἰσάγω,,direct the choir,λόγος,12
ἔκαμνεν,,he/she/it was tired,ῥῆμα,12
ἐπέθηκεν,,he/she/it put on,ῥῆμα,12
ἐρέσσω,,row,ῥῆμα,13
ἡσυχάζω,,keep quiet; rest,ῥῆμα,13
ὁ ἄνεμος,,wind,ὄνομα,13
τὰ ἱστία,,sails,ὄνομα,13
ἀλλήλων,,of one another,ἀντωνυμία,13
βέβαιος,,"firm, steady",ἐπίθετον,13
λαμπρός,,bright; brilliant,ἐπίθετον,13
ταχύς,,swift,ἐπίθετον,13
ἀμύνω,,ward off from; defend o.s. against,ῥῆμα,13
ὀργίζομαι,,grow/be agry (at) (+dat),ῥῆμα,13
ὁ βάρβαρος,,barbarian,ὄνομα,13
ἡ ἐλευθερία,,freedom,ὄνομα,13
τὸ κῦμα,,wave,ὄνομα,13
ἡ μάχη,,fight; battle,ὄνομα,13
τὸ ναυτικόν,,fleet,ὄνομα,13
τὰ στενά,,straits; mountain pass,ὄνομα,13
ἡ τριήρης,,trireme (warship),ὄνομα,13
μηδείς,,"no one, nothing; no",ἀντωνυμία,13
ὅς,,"who, whose, which, that",ἀναφορικὴ ἀντωνυμία,13
ὅσπερ,,"who, whose, which, that (emphatic)",ἀναφορικὴ ἀντωνυμία,13
ἀληθής,,true ,ἐπίθετον,13
ἐκεῖνος,,that; those (pl),ἐπίθετον,13
ψευδής,,false ,ἐπίθετον,13
τὰ ψευδῆ,,lies,ὄνομα,13
ἐγγύς,,near (+gen),πρόθεσις,13
ἅμα,,"together, at the same time",ἐπίρρημα,13
ὅτε,,when,σύνδεσμος,13
ὡς δοκεῖ,,as it seems,λόγος,13
τῷ ὄντι,,in truth,λόγος,13
ἡ Ἑλλάς,,Greece,ὄνομα,13
ᾄδω,ἀείδω,sing,ῥῆμα,13
ἀνοικοδομέω,,build up; rebuild,ῥῆμα,13
ἀντιτάττω,ἀντιτάσσω,set against; face in battle,ῥῆμα,13
ἀξιόω,ἀξιῶ,"think, deem worthy",ῥῆμα,13
ἀποκαλύπτω,,"uncover, reveal, disclose",ῥῆμα,13
διαβιβάζω,,"carry over, transport",ῥῆμα,13
ἐξανθέω,,put out flowers; bloom,ῥῆμα,13
ἐρέσσω,ἐρέττω,row,ῥῆμα,13
καταλέγω,,lay down; pick out; recount,ῥῆμα,13
κατασκευάζω,,"equip, furnish, prepare",ῥῆμα,13
κινδυνεύω,,"be daring, take risk(s); venture",ῥῆμα,13
κυμαίνω,,"swell, seethe",ῥῆμα,13
παύομαι,,"stop, rest (from)",ῥῆμα,13
περιγίγνομαι,,"prevail (over), overcome",ῥῆμα,13
ῥίπτω,,throw (away),ῥῆμα,13
ὑπείκω,,"retire, yield",ῥῆμα,13
τὸ δάκρυον,,tear,ὄνομα,13
ἡ δόξα,,"opinion, belief; appearance; glory",ὄνομα,13
ἡ δουλεία,,"slavery, bondage",ὄνομα,13
ὁ ἐρέτης,,rower,ὄνομα,13
ἡ ἰσονομία,,"equality (of rights), balance",ὄνομα,13
τὸ κατάστρωμα,,"deck, floor",ὄνομα,13
ὁ κελευστής,,boatswain (captain),ὄνομα,13
τὸ μέλος,,"limb; song, tune",ὄνομα,13
ἡ ὀλιγαρχία,,oligarchy,ὄνομα,13
οἱ πατέρες,,(fore)fathers,ὄνομα,13
τὸ πεῖσμα,,"ship's cable; persuasion, confidence",ὄνομα,13
τὸ πένθος,,"grief, sorrow",ὄνομα,13
ἡ πολιτεία,,constitution; citizenship; government,ὄνομα,13
ἡ τέχνη,,"art, skill, craft",ὄνομα,13
ἡ τόλμα,,courage,ὄνομα,13
ἡ τροφή,,"nourishment, food",ὄνομα,13
ἡ τυραννίς,,"monarchy, despotic rule",ὄνομα,13
ὁ τύραννος,,absolute ruler,ὄνομα,13
ἡ ὕβρις,,"insolence, violence",ὄνομα,13
ἄγευστος,,"not tasting, not (having) tasted",ἐπίθετον,13
ἄδηλος,,"unseen, invisible",ἐπίθετον,13
ἀληθής,,"true, honest",ἐπίθετον,13
ἄμαχος,,"invincible, non-combatant",ἐπίθετον,13
ἄπειρος,,"inexperienced, ignorant; infinite",ἐπίθετον,13
κρείττων,κρείσσων,"stronger, more powerful; better",ἐπίθετον,13
μείζων,,greater,ἐπίθετον,13
ναυτικός,,"seafaring, naval",ἐπίθετον,13
οἰκεῖος,,domestic; related; personal; suitable,ἐπίθετον,13
οὔριος,,with a fair wind; prosperous,ἐπίθετον,13
σαφής,,"clear, plain, distinct",ἐπίθετον,13
στρογγύλος,,"round, spherical",ἐπίθετον,13
ὕστερος,,"latter, next",ἐπίθετον,13
χίλιοι,,a thousand,ἐπίθετον,13
ἄνευ,,"without, away from, except (+ gen)",πρόθεσις,13
ἐπιφθόνως,,odiously,ἐπίρρημα,13
ἀπ᾽ ἀρχῆς,ἐξ ̓ ἀρχῆς,from the beginning,λόγος,13
ἥσυχος ἔχω,ἡσυχάζω,be calm/quiet,λόγος,13
ναῦς μακρά,,warship,λόγος,13
οὐδὲν λέγω,,never mind,λόγος,13
στρογγύλη ναῦς,,merchant vessel,λόγος,13
τεθραμμένοι,,having been raised/nourished,μετοχή,13
ἐλπίζω,,hope; expect; suppose,ῥῆμα,14
ἐπιπέμπω,,send against; send in,ῥῆμα,14
πράττω,,fare; do,ῥῆμα,14
προσβάλλω,,attack (+dat),ῥῆμα,14
συμβάλλω,,join battle (with +dat),ῥῆμα,14
συνέρχομαι,,come together,ῥῆμα,14
χράομαι,,use; enjoy (+dat),ῥῆμα,14
ὁ ὁπλίτης,,hoplite (soldier),ὄνομα,14
τὸ πλῆθος,,number; multitude,ὄνομα,14
ὁ στόλος,,expedition; army; fleet,ὄνομα,14
ὁ στρατιώτης,,soldier,ὄνομα,14
ὁ στρατός,,army,ὄνομα,14
ὀλίγος,,small; few,ἐπίθετον,14
οὗτος,,this,ἐπίθετον,14
στενός,,narrow,ἐπίθετον,14
ἐν μέσῳ,,between,λόγος,14
κατὰ γῆν,,by land,λόγος,14
ὁ Ἕλλην,,Greek (person),ὄνομα,14
ἀγγέλλω,,announce; tell,ῥῆμα,14
ἀναχωρέω,,"retreat, withdraw",ῥῆμα,14
ἀντέχω,,resist,ῥῆμα,14
γράφω,,write,ῥῆμα,14
διέρχομαι,,come/go through,ῥῆμα,14
παραγίγνομαι,,arrive,ῥῆμα,14
φράζω,,"show; tell (of), explain",ῥῆμα,14
ὁ πόλεμος,,war,ὄνομα,14
αἱ πύλαι,,double gates; (mountain) pass,ὄνομα,14
ἅπας,,all; every; whole,ἐπίθετον,14
ὅδε,,this here,ἐπίθετον,14
πολέμιος,,hostile; enemy,ἐπίθετον,14
ὅπου,,where,πρόθεσις,14
ἕως,,until,σύνδεσμος,14
τῇ προτεραίᾳ,,on the day before,λόγος,14
ἀττικίζω,,"atticize, side with Athens; speak Attic dialect",ῥῆμα,14
διαβάλλω,,slander; deceive; throw (across),ῥῆμα,14
ἐμβλέπω,,"look in the face, look at",ῥῆμα,14
ἐρίζω,,"strive, wrangle, quarrel",ῥῆμα,14
καταστρέφομαι,,subdue,ῥῆμα,14
μαίνομαι,,"rage, be furious",ῥῆμα,14
παίω,,"strike, smite",ῥῆμα,14
πλησιάζω,,bring near,ῥῆμα,14
προσκεῖμαι,,be placed (by/upon); be involved in; belong to,ῥῆμα,14
σιωπάω,,"be silent, still",ῥῆμα,14
στρατεύομαι,,serve in war; lead an army,ῥῆμα,14
ὑβρίζω,,"insult, mistreat, be insolent",ῥῆμα,14
ὁ ἀστός,,townsman; citizen,ὄνομα,14
ἡ ἀτραπός,,"short-cut, path",ὄνομα,14
ἡ διαβολή,,"slander, enmity",ὄνομα,14
ἡ διάλεκτος,,"discourse, conversation; enunciation, dialect",ὄνομα,14
τὸ ἐπίγραμμα,,inscription,ὄνομα,14
ἡ ἔρις,,"strife, quarrel",ὄνομα,14
ἡ ἔχθρα,ἡ ἔχθρη,"hatred, enmity",ὄνομα,14
ὁ θρόνος,,"seat, chair, throne",ὄνομα,14
ὁ κατάσκοπος,,"scout, spy, inspector",ὄνομα,14
ὁ κλέπτης,,thief,ὄνομα,14
ἡ κραυγή,,"crying, screaming, shouting",ὄνομα,14
ὁ κυβερνήτης,,"captain, helmsman; guide",ὄνομα,14
ἡ μεταβολή,,"change, changing",ὄνομα,14
τὸ μνῆμα,,"memorial, remembrance, record",ὄνομα,14
ἡ ὁμόνοια,,"unanimity, concord",ὄνομα,14
οἱ πόροι,,pores (in skin),ὄνομα,14
τὸ ῥῆμα,,"saying, word; verb",ὄνομα,14
ἡ στήλη,,slab; block (of stone),ὄνομα,14
ἀμείνων,,better,ἐπίθετον,14
ἐλάττων,ἐλάσσων,"smaller, less, worse",ἐπίθετον,14
κάκιστος,,(the) worst,ἐπίθετον,14
κακίων,,worse,ἐπίθετον,14
καλλίων,,better,ἐπίθετον,14
κοινός,,common,ἐπίθετον,14
πανοῦργος,,"villain(ous), treacherous, sly",ἐπίθετον,14
πολλαπλάσιος,,many times as many; much larger,ἐπίθετον,14
πονηρός,,"toilsome, painful; worthless",ἐπίθετον,14
ἑπτάκις,,seven times,ἀριθμητικόν,14
τριακόσιοι,,three hundred,ἀριθμητικόν,14
τρίς,,thrice,ἀριθμητικόν,14
Δωριστί,,in Dorian fashion,ἐπίρρημα,14
εἰκότως,,"suitably, reasonably, naturally",ἐπίρρημα,14
ταύτῃ,,in this way,ἐπίρρημα,14
τῇδε,,"here, thus",ἐπίρρημα,14
οὐ καταπροίξει,,you shall not escape unpunished,λόγος,14
ἀναγκάζω,,compel,ῥῆμα,15
διαφθείρω,,destroy,ῥῆμα,15
εἴκω,,yield,ῥῆμα,15
ἡ ἀπορία,,perplexity; difficulty; at a loss,ὄνομα,15
ὁ ναύαρχος,,admiral,ὄνομα,15
ὁ νοῦς,,mind,ὄνομα,15
ὁ στρατηγός,,general,ὄνομα,15
ἡ φυγή,,flight,ὄνομα,15
μόνος,,alone; only,ἐπίθετον,15
μηκέτι,,don't...any longer; no longer,ἐπίρρημα,15
μόνον,,only,ἐπίρρημα,15
οὐ μόνον...ἀλλὰ καί,,not only...but also,σύνδεσμος,15
ἀνέστην,,I stood up,ῥῆμα,15
βλάπτω,,"harm, hurt",ῥῆμα,15
δηλόω,,show,ῥῆμα,15
ἐλευθερόω,ἐλευθερῶ,(set) free,ῥῆμα,15
ἐμπίπτω,,fall into/upon; attack,ῥῆμα,15
ἐπιπλέω,,sail against,ῥῆμα,15
ναυμαχέω,,fight by sea,ῥῆμα,15
πειράω,,"try, attempt",ῥῆμα,15
πιστεύω,,"trust, be confident (in)(+dat)",ῥῆμα,15
συμπίπτω,,"clash (+dat), clash with",ῥῆμα,15
ὁ ἀγών,,struggle; contest,ὄνομα,15
ἡ ἀρετή,,excellence; virtue; courage,ὄνομα,15
ὁ θόρυβος,,"uproar, commotion",ὄνομα,15
ὁ κόσμος,,good order,ὄνομα,15
κόσμῳ,,in (good) order,λόγος,15
τὸ μέρος,,part,ὄνομα,15
ὁ νεκρός,,corpse,ὄνομα,15
ἡ νίκη,,victory,ὄνομα,15
ἡ πατρίς,,fatherland,ὄνομα,15
ὁ πέπλος,,robe; cloth,ὄνομα,15
ὁ πρόγονος,,ancestor,ὄνομα,15
ἡ σπουδή,,haste; eagerness,ὄνομα,15
ἡ τύχη,,chance; luck; fortune,ὄνομα,15
δεξιός,,(on the) right,ἐπίθετον,15
πεζός,,on foot,ἐπίθετον,15
πανταχοῦ,,everywhere,ἐπίρρημα,15
ἀπονέμω,,"portion out, impart, assign",ῥῆμα,15
ἀρκέομαι,ἀρκοῦμαι,be satisfied with (+ dat.),ῥῆμα,15
διαγιγνώσκω,,"distinguish, discern",ῥῆμα,15
διαθερμαίνω,,warm through,ῥῆμα,15
δουλεύω,,be a slave; serve,ῥῆμα,15
δουλόω,δουλῶ,enslave,ῥῆμα,15
ἐπιφλέγω,,"burn up, consume",ῥῆμα,15
ἐχθαίρω,,hate,ῥῆμα,15
καταδουλόω,,"reduce to slavery, enslave",ῥῆμα,15
κλύω,,hear,ῥῆμα,15
κυβερνάω,,"steer, drive, guide",ῥῆμα,15
ἡ ἀκτίς,,"ray, beam",ὄνομα,15
ἡ δίψα,,thirst,ὄνομα,15
τὸ ἕδος,θ ̓ ἔδος,"seat, chair, bench, base",ὄνομα,15
ὁ ἔκπλους,ὁ ἔκπλοος,"sailing out, leaving port",ὄνομα,15
ἡ εὐλογία,,"good language; blessing, eulogy",ὄνομα,15
ἡ θήκη,,"case, chest, tomb",ὄνομα,15
ὁ θύννος,,tuna fish,ὄνομα,15
ὁ κρύσταλλος,,ice; crystal,ὄνομα,15
ἡ κώμη,,village,ὄνομα,15
ἡ μνήμη,,"remembrance, memory",ὄνομα,15
ὁ ὄχθος,,"bank, hill",ὄνομα,15
ὁ παιάν,,"war song, hymn; physician (of the gods)",ὄνομα,15
ἡ πλεονεξία,,"greediness, assumption, arrogance",ὄνομα,15
τὸ ῥῖγος,,"frost, cold",ὄνομα,15
τὸ συνέδριον,,council,ὄνομα,15
ἄωρος,,"untimely, unripe; ugly",ἐπίθετον,15
λοιπός,,"remaining, the rest",ἐπίθετον,15
πατρῷος,πατρώιος,"of one's fathers, ancestral",ἐπίθετον,15
πιστός,,"faithful, obedient",ἐπίθετον,15
μέχρι,,"until, as far as (+ gen.)",πρόθεσις,15
δεύτερον,,"secondly, next, afterwards",ἐπίρρημα,15
δημοσίᾳ,,publicly,ἐπίρρημα,15
εὐτάκτως,,in order,ἐπίρρημα,15
ἥκιστα,,least,ἐπίρρημα,15
ἰδίᾳ,,"by oneself, privately, separately",ἐπίρρημα,15
λάθρᾳ,λάθρῃ,"secretly, by stealth",ἐπίρρημα,15
ὁμοῦ,,"together, nearby",ἐπίρρημα,15
ἔνθα καὶ ἔνθα,,here and there,λόγος,15
προσέχω τὸν νοῦν,,be intent on something,λόγος,15
δύναμαι,,be able; can,ῥῆμα,16
ἐπίσταμαι,,understand; know,ῥῆμα,16
καταλαμβάνω,,overtake; catch,ῥῆμα,16
κεῖμαι,,lie (down),ῥῆμα,16
στρατεύω,,"wage war, campaign (against ἐπί +acc)",ῥῆμα,16
συναγείρω,,gather,ῥῆμα,16
τελευτάω,,end; die,ῥῆμα,16
ὁ ἔνοικος,,inhabitant,ὄνομα,16
ὁ σύμμαχος,,ally,ὄνομα,16
ἡ συμφορά,,misfortune; disaster,ὄνομα,16
διακόσιοι,,two hundred,ἐπίθετον,16
ἑκατόν,,a hundred,ἐπίθετον,16
πόσος,,how much/many?,ἐπίθετον,16
οὐδαμοῦ,,nowhere,ἐπίρρημα,16
πολλαχόσε,,to many parts,ἐπίρρημα,16
ὕστερον,,later,ἐπίρρημα,16
καὶ δὴ καί,,and in particular; and what is more,λόγος,16
ποῦ γῆς;,,where (in the world)?,λόγος,16
λυπέω,,"grieve, vex, cause pain to",ῥῆμα,16
πολιορκέω,πολιορκῶ,besiege,ῥῆμα,16
ὁ βίος,,life,ὄνομα,16
ἡ εἰρήνη,,peace,ὄνομα,16
τὸ ἔτος,,year,ὄνομα,16
ὁ θάνατος,,death,ὄνομα,16
ὁ θυμός,,spirit,ὄνομα,16
ὁ ποταμός,,river,ὄνομα,16
ἡ σπονδή,,libation,ὄνομα,16
αἱ σπονδαί,,peace treaty,ὄνομα,16
ἄξιος,,worthy (of + gen),ἐπίθετον,16
ἥκιστά γε,,"least of all, not at all",λόγος,16
ἀγοράζω,,"buy (in the market), purchase",ῥῆμα,16
ἄρδω,,"make wet; water, refresh",ῥῆμα,16
ἀρόω,,"plow, till, sow",ῥῆμα,16
ἄρχομαι,,begin; control,ῥῆμα,16
εἰσβιάζομαι,,force one's way into,ῥῆμα,16
ἐκβάλλω,,"throw, cast (out/away)",ῥῆμα,16
θαλαττουργέω,"θαλασσουργέω, θαλαττουργῶ, θαλασσουργῶ",be busy with the sea,ῥῆμα,16
ἰλάσκομαι,,appease,ῥῆμα,16
καθαιρέω,καθαιρῶ,take down; destroy; seize,ῥῆμα,16
κατακεῖμαι,,lie down (outstretched); recline,ῥῆμα,16
μισθοφορέω,μισθοφορῶ,receive wages; serve for hire,ῥῆμα,16
ὀρύττω,ὀρύσσω,"dig (a trench), dig up/through",ῥῆμα,16
πέτομαι,,fly,ῥῆμα,16
πήγνυμαι,πήγνυμι,"stick, fix (in), fasten (together)",ῥῆμα,16
πρίαμαι,,"buy, purchase",ῥῆμα,16
προσκρούω,,knock/strike against; take offense,ῥῆμα,16
στέλλομαι,,"send for; set out, journey",ῥῆμα,16
συλλυπέομαι,συλλυποῦμαι,sympathize with,ῥῆμα,16
ἡ ἀκαρπία,,"unfruitfulness, barrenness",ὄνομα,16
ὁ ἁλιεύς,,"seaman, sailor; fisher",ὄνομα,16
ἡ ἁλιευτική (τέχνη),,art of fishing,ὄνομα,16
ὁ ἄνθραξ,,charcoal,ὄνομα,16
ἡ ἀνομβρία,,"drought, want of rain",ὄνομα,16
ἡ ἀπαλλαγή,,"escape, release, relief from",ὄνομα,16
ὁ αὐχμός,,"drought, dryness, thirst",ὄνομα,16
ἡ βροντή,,thunder; astonishment,ὄνομα,16
ἡ ἐμπορική (τέχνη),,"commerce, trade",ὄνομα,16
τὸ ἐμπόριον,,"trading-station, mart, factory",ὄνομα,16
ὁ ἡλίκος,ὁ ἧλιξ,peer (of same age),ὄνομα,16
τὸ θέρος,,"summer, summertime; harvest",ὄνομα,16
ὁ κάπηλος,,"retail-dealer, peddler",ὄνομα,16
ὁ κροκόδιλος,,"lizard, crocodile",ὄνομα,16
ἡ λέαινα,,lioness,ὄνομα,16
ὁ μύρμηξ,,ant,ὄνομα,16
ἡ ναυτική (τέχνη),,"navigation, seamanship",ὄνομα,16
ὁ ὅρμος,,"cord, chain, necklace, collar",ὄνομα,16
ὁ πλοῦς,ὁ πλόος,"sailing, voyage",ὄνομα,16
ὁ πόντος,,(open) sea,ὄνομα,16
ἡ πρῷρα,,"ship's head, prow",ὄνομα,16
ἡ πυραμίς,,pyramid,ὄνομα,16
τὸ σῆμα,,"mark, sign, token",ὄνομα,16
ἡ σκάφη,,"tub, basin, bowl; skiff",ὄνομα,16
ὁ στρουθός,,sparrow; large bird,ὄνομα,16
ὁ τοκεύς,,"parent, father",ὄνομα,16
τὸ φέγγος,,"light, splendor, luster",ὄνομα,16
ἡ φύσις,,"(law of) nature; form, type; origin, birth; creature",ὄνομα,16
τὸ ψῦχος,,"cold, coolness",ὄνομα,16
ἀλλοῖος,,(of a) different (kind),ἐπίθετον,16
ἀρχαῖος,,"ancient, old",ἐπίθετον,16
βίαιος,,"forcible, violent",ἐπίθετον,16
ἔκτοπος,,"away from (a place); foreign, strange",ἐπίθετον,16
ἐλάχιστος,,"smallest, least",ἐπίθετον,16
ἑπτάρους,ἑπτάρροος,with seven channels,ἐπίθετον,16
εὔκολος,,"easy, satisfied, willing, prone",ἐπίθετον,16
εὐσεβής,,"pious, religious",ἐπίθετον,16
λευκός,,"light, bright, clear, white",ἐπίθετον,16
μέλας,,"black, dark",ἐπίθετον,16
πετρώδης,,"like rock, rocky, stony",ἐπίθετον,16
πρεσβύτερος,,"elder, older",ἐπίθετον,16
ἔμπαλιν,,"backwards, back",ἐπίρρημα,16
ἐνίοτε,,sometimes,ἐπίρρημα,16
πορρωτέρω,,farther,ἐπίρρημα,16
σχεδόν,,"near, nearby, nearly",ἐπίρρημα,16
δεῖπνον αἱρέω,δεῖπνον αἱρῶ,take supper,λόγος,16
πανταχοῦ τῆς γῆς,,everywhere (in the world),λόγος,16
σπονδὰς ποιέομαι,,make a truce (+ dat.),λόγος,16
ηὔπυργον ἕδος καὶ δίκᾳ ξεναρκέϊ κοινὸν φέγγος,,a well-towered place and a common light assisting foreigners with justice,λόγος,16
ἀπέχω,,be distant (from)(+gen),ῥῆμα,17
δέω,,"tie, bind",ῥῆμα,17
κάθημαι,,sit,ῥῆμα,17
οἶδα,,know,ῥῆμα,17
τυγχάνω,,hit (+gen); get; happen to be doing,ῥῆμα,17
ἔγωγε,,I indeed,ἀντωνυμία,17
σύν,,with (+dat),πρόθεσις,17
ἴσως,,perhaps,ἐπίρρημα,17
ποῖ;,,to where?,ἐπίρρημα,17
πρότερον,,"formerly, before, earlier; first",ἐπίρρημα,17
πότερον...ἤ,,whether...or,σύνδεσμος,17
σὺν θεοῖς,,God willing; with luck,λόγος,17
ἀκέομαι,,heal,ῥῆμα,17
ἐπιτρέπω,,entrust,ῥῆμα,17
θαρρέω,,be confident,ῥῆμα,17
φρονέω,,think; be minded,ῥῆμα,17
χρή,,"it is necessary; ought, must",ῥῆμα,17
ὁ ἱκέτης,,suppliant,ὄνομα,17
ὁ νόμος,,law; custom,ὄνομα,17
τὸ τέμενος,,sacred precinct,ὄνομα,17
ὁ ὑπηρέτης,,servant; attendant,ὄνομα,17
ἡ ψυχή,,soul,ὄνομα,17
ἱερός,,sacred,ἐπίθετον,17
καθαρός,,"clean, pure",ἐπίθετον,17
ὅσιος,,"holy, pious",ἐπίθετον,17
κατά,,"down (+acc); each, every; by; on; according to; at (time)",πρόθεσις,17
πως,,somehow; in any way,ἐπίρρημα,17
οὐ διὰ πολλοῦ,,"not much later, soon",λόγος,17
αἰσθάνομαι,,"perceive, learn, apprehend (+gen/acc)",ῥῆμα,17
ἀμείβομαι,,change (place); answer; repay,ῥῆμα,17
ἀναιρέω,,"take/pick up, raise",ῥῆμα,17
ἀντιβολέω,,supplicate (+acc),ῥῆμα,17
εἶμι,,go,ῥῆμα,17
ἐκλακτίζω,,kick (out),ῥῆμα,17
ἐκλάμπω,,shine forth,ῥῆμα,17
ἐμβάλλω,,throw/put in (+dat),ῥῆμα,17
καθοσιόω,,dedicate; betroth; purify,ῥῆμα,17
κατακλίνω,,"lay down, recline",ῥῆμα,17
κατέρχομαι,,"come down, descend",ῥῆμα,17
κοιμάω,,put to sleep,ῥῆμα,17
ἐγκοιμάομαι,,sleep in (a place),ῥῆμα,17
οἰμώζω,,"pity, lament",ῥῆμα,17
περιέρχομαι,,go around/about,ῥῆμα,17
πηδάω,,leap,ῥῆμα,17
πυρέττω,,be/fall ill of fever,ῥῆμα,17
συρίττω,,"whistle, hiss",ῥῆμα,17
τὸ ἄβατον,,sacred space,ὄνομα,17
ἡ ἀστραπή,,lightning,ὄνομα,17
ὁ αὐτόπης,,eyewitness,ὄνομα,17
ἡ γαστήρ,,womb,ὄνομα,17
ὁ γονεύς,,"parent, ancestor",ὄνομα,17
ὁ δράκων,,dragon; python,ὄνομα,17
ἡ δυστυχία,,ill fortune,ὄνομα,17
ἡ ἐπιθυμία,,"desire, yearning",ὄνομα,17
τὸ θαῦμα,,"wonder, marvel",ὄνομα,17
τὸ καταγώγιον,,"inn, hotel",ὄνομα,17
ὁ λῃστής,,"robber, pirate",ὄνομα,17
ὁ λύχνος,,lamp,ὄνομα,17
τὸ νόσημα,,"disease, plague",ὄνομα,17
ἡ νόσος,,"disease (of mind), plague; distress",ὄνομα,17
ὁ ὄφις,,serpent,ὄνομα,17
ὁ πελανός,,thick liquid (for gods),ὄνομα,17
τὸ πόπανον,,"round cake, used at sacrifices",ὄνομα,17
τὸ πρόθυμα,,preparatory offering,ὄνομα,17
ὁ πρόπολος,,"temple-servant, attendant, minister",ὄνομα,17
ὁ ῥυτήρ,,"strap, rein",ὄνομα,17
τὸ στιβάδιον,,(small) bed/mattress of straw/leaves,ὄνομα,17
ὁ συγγενής,,"kinsman, family member",ὄνομα,17
ὁ σωτήρ,,"savior, deliverer, preserver",ὄνομα,17
τὸ φάρμακον,,"drug, medicine, cure",ὄνομα,17
ἡ φιάλη,,"(broad) bowl, urn",ὄνομα,17
ἀναγκαῖος,,with/by force,ἐπίθετον,17
ἀναρίθμητος,,"countless, immeasurable",ἐπίθετον,17
ἄπιστος,,"unbelieving, faithless; incredible",ἐπίθετον,17
ἔνδοξος,,"esteemed, distinguished, notable",ἐπίθετον,17
εὐδαίμων,,"fortunate, prosperous",ἐπίθετον,17
ἥμερος,,"tame, cultivated, civilized",ἐπίθετον,17
θαυμάσιος,,"wonderful, admirable",ἐπίθετον,17
θεῖος,,"divine, holy",ἐπίθετον,17
μῶρος,,"slow, stupid",ἐπίθετον,17
ὁποῖος,,of what sort,ἐπίθετον,17
ὄρθιος,,"straight up, steep, uphill",ἐπίθετον,17
παντοδαπός,,"of every kind, manifold",ἐπίθετον,17
αὐτόθι,,on the spot,ἐπίρρημα,17
ἠρέμα,,"quietly, gently, softly, slowly",ἐπίρρημα,17
τὴν εὐθεῖαν (ὁδόν),,the direct (path),ἐπίρρημα,17
τηνικαῦτα,,at that time; under these circumstances,ἐπίρρημα,17
ἐπιθυμίαν ἐμβάλλω,,motivate,λόγος,17
ὡς τὸ εἰκός,,in all likelihood,λόγος,17
τά γε παρ ̓ ἡμῖν,,our affairs,λόγος,17
ἐπέρχομαι,,approach (+ἐπί); attack (+dat),ῥῆμα,"17, 27"
πάνυ,,altogether; very; exceedingly,ἐπίρρημα,"17, 27"
κακοδαίμων,,"having an evil spirit, having bad luck",ἐπίθετον,"17, 30"
γελάω,,laugh,ῥῆμα,18
δίδωμι,,give,ῥῆμα,18
ἀποδίδωμι,,"give back, return; pay",ῥῆμα,18
κινέω,,move,ῥῆμα,18
τίθημι,,"put, place",ῥῆμα,18
ἐπιτίθημι,,put on,ῥῆμα,18
ὁ ὕπνος,,sleep,ὄνομα,18
ἡ χάρις,,thanks; gratitude,ὄνομα,18
δῆλος,,clear,ἐπίθετον,18
εὐμενής,,kindly,ἐπίθετον,18
σεμνός,,holy; august,ἐπίθετον,18
ὑπέρ,,"on behalf of, for; above (+gen); over, above (+acc)",πρόθεσις,18
δῆλόν ἐστι(ν),,it is clear,λόγος,18
χάριν ἀποδίδωμι,,give thanks to; thank,λόγος,18
ἁμαρτάνω,,"miss (+gen); make a mistake, be mistaken",ῥῆμα,18
ἀνατίθημι,,set up; dedicate,ῥῆμα,18
ἐπιστρατεύω,,"march against, attack (+dat/ἐπὶ +acc)",ῥῆμα,18
κρατέω,,"rule, have power over, control (+gen); prevail",ῥῆμα,18
παραδίδωμι,,hand over; give,ῥῆμα,18
προστρέχω,,run toward,ῥῆμα,18
τολμάω,,dare,ῥῆμα,18
ἡ γνώμη,,opinion; judgement; intention,ὄνομα,18
ὁ ἐχθρός,,enemy,ὄνομα,18
ἡ θυσία,,sacrifice,ὄνομα,18
τὸ κράτος,,power,ὄνομα,18
τὸ πρᾶγμα,,matter; trouble,ὄνομα,18
τὰ χρήματα,,things; goods; money,ὄνομα,18
ἐχθρός,,hateful; hostile,ἐπίθετον,18
ὑγιής,,healthy,ἐπίθετον,18
φιλαίτερος,"φιλαίτατος, φίλτατος",dearer; dearest,ἐπίθετον - ὑπερθετικόν,18
ἡδέως,,sweetly; pleasantly; gladly,ἐπίρρημα,18
μᾶλλον,,more; rather,ἐπίρρημα,18
μᾶλλον ἤ,,rather than,σύνδεσμος,18
οὔκουν,,certainly not,ἐπίρρημα,18
πάλαι,,long ago,ἐπίρρημα,18
πάλαι εἰσί(ν),,they've long been,λόγος,18
διότι,,because,conjunction,18
μέντοι,,certainly; however,μόριον,18
ὀρθῶς γιγνώσκω,,be right,λόγος,18
πῶς ἔχει τὰ πράγματα;,,How are things?,λόγος,18
τίνα γνώμην ἔχεις;,,What do you think?,λόγος,18
ἵστημι,,make stand; stop; be setting (up),ῥῆμα,19
ἀνίστημι,,(make) stand up; raise,ῥῆμα,19
νοστέω,,return home,ῥῆμα,19
συλλέγω,,"pick up, gather, collect; say, tell, speak",ῥῆμα,19
ἡ ἐλάα,ἐλαία,olive; olive tree,ὄνομα,19
ὁ νόστος,,return (home),ὄνομα,19
τὸ πεδίον,,plain,ὄνομα,19
ἀγνοέω,,do not know,ῥῆμα,19
ἀναπαύομαι,,rest,ῥῆμα,19
ἀφίσταμαι,,stand away; revold (from),ῥῆμα,19
ἐντυγχάνω,,meet (+dat),ῥῆμα,19
καθίστημι,,"set up; appoint; be appointed, established; become",ῥῆμα,19
παραινέω,,advise s.o. to do something,ῥῆμα,19
σημαίνω,,signal; sign; show,ῥῆμα,19
ὁ ποιμήν,,shepherd,ὄνομα,19
ἡ ὕλη,,"woods, forest",ὄνομα,19
ὁ φόβος,,fear; panic,ὄνομα,19
ὁ ὦμος,,shoulder,ὄνομα,19
βαθύς,,deep,ἐπίθετον,19
δεινός,,"terrible; clever, skilled",ἐπίθετον,19
ἔρημος,,deserted,ἐπίθετον,19
τραχύς,,rough,ἐπίθετον,19
ἥδιστα,,most sweetly; most pleasantly; most gladly,ἐπίθετον - ὑπερθετικόν,19
ἀρέσκει,,it is pleasing (+dat),ῥῆμα,20
δείκνυμι,,show,ῥῆμα,20
καθοράω,,look down on,ῥῆμα,20
τὸ αἷμα,,blood,ὄνομα,20
ὁ λέων,,lion,ὄνομα,20
τὸ μέγεθος,,size,ὄνομα,20
τὸ τέκνον,,child,ὄνομα,20
ὁ τόπος,,place,ὄνομα,20
ἀσφαλής,,safe,ἐπίθετον,20
λίθινος,,(made of) stone,ἐπίθετον,20
ἐντός,,"within, inside (prep +gen)",πρόθεσις,20
ἐξαίφνης,,"suddenly, unexpectedly",ἐπίρρημα,20
κάτω,,down; below,ἐπίρρημα,20
δήπου,,"doubtless, surely",μόριον,20
αἱ Ἐρινύες,,the Furies,ὄνομα,20
αἱ Μυκῆναι,,Mycenae,ὄνομα,20
δειπνέω,,eat (dinner),ῥῆμα,20
ἵημι,,"let go, release; send; throw",ῥῆμα,20
ἀφίημι,,"let go away, release; send away; throw away",ῥῆμα,20
ἐφίημι,,throw (at),ῥῆμα,20
συνίημι,,understand (+gen),ῥῆμα,20
κρύπτω,,hide,ῥῆμα,20
λανθάνω,,escape notice,ῥῆμα,20
οἰκτίρω,,pity,ῥῆμα,20
παρέρχομαι,,"go past; pass in, enter; come forward (to speak)",ῥῆμα,20
προέρχομαι,,go forward; advance,ῥῆμα,20
ἡ ὀργή,,anger,ὄνομα,20
ἔνιοι,,some,ἐπίθετον,20
ἔξω,,outside,ἐπίρρημα,20
πολύ,,"far, by far",ἐπίρρημα,20
τήμερον,,today,ἐπίρρημα,20
ἀγορεύω,,say; speak (in Assembly),ῥῆμα,21
ἀναγιγνώσκω,,read,ῥῆμα,21
βουλεύω,,deliberate; plan,ῥῆμα,21
θύω,,sacrifice,ῥῆμα,21
πολεμέω,πολεμῶ,make/go to war,ῥῆμα,21
πρόκειμαι,,lie before (+dat),ῥῆμα,21
ψηφίζομαι,,vote,ῥῆμα,21
ἡ ἀρχή,,beginning; rule; empire,ὄνομα,21
ἡ ἐκκλησία,,assembly,ὄνομα,21
ὁ πρέσβυς,,old man; ambassador (pl),ὄνομα,21
ὁ ῥήτωρ,,speaker; politician,ὄνομα,21
μύριοι,,"10, 000",ἐπίθετον,21
μυρίοι,,"numberless, countless",ἐπίθετον,21
νέος,,young; new,ἐπίθετον,21
ἕνεκα,,(gen+)for the sake of; because of,πρόθεσις,21
ἐάν,,if (+subj),σύνδεσμος,21
ἵνα,,so that in order to (+subj),σύνδεσμος,21
ἄρχω,,begin; rule (+gen),ῥῆμα,21
ἐπιβουλεύω,,plot against (+dat),ῥῆμα,21
νομίζω,,think,ῥῆμα,21
πληρόω,πληρῶ,fill,ῥῆμα,21
προάγω,,lead forward,ῥῆμα,21
ἡ ἀνάγκη,,necessity,ὄνομα,21
ἡ δίκη,,custom; justice; right; lawsuit; penalty,ὄνομα,21
ἡ δύναμις,,power; strength; (military) forces,ὄνομα,21
ὁ ἰδιώτης,,private person,ὄνομα,21
ἡ στρατιά,,army,ὄνομα,21
ἡ τιμή,,honor,ὄνομα,21
ὁ τρόπος,,manner; way,ὄνομα,21
ἡ χώρα,,land,ὄνομα,21
ἀδύνατος,,impossible; incapable,ἐπίθετον,21
δυνατός,,possible; capable,ἐπίθετον,21
ἑκάτερος,,each (of two),ἐπίθετον,21
ὅμιος,,like (+dat),ἐπίθετον,21
τελευταῖος,,last,ἐπίθετον,21
τοιόσδε,,such (the following),ἐπίθετον,21
τοιοῦτος,,such,ἐπίθετον,21
χρόνιος,,lengthy,ἐπίθετον,21
ἰδίᾳ,,privately,ἐπίρρημα,21
πεζῇ,,on foot,ἐπίρρημα,21
ἀνάγκη ἐστί(ν),,it is necessary,λόγος,21
ἀνθίσταμαι,,"stand up against, withstand (+dat)",ῥῆμα,21
ἀνίσταμαι,,stand up; (be forced to) move; evacuate,ῥῆμα,21
εἰσβάλλω,,invade,ῥῆμα,21
λούω,,wash,ῥῆμα,21
ὑπάρχω,,be; exist; be ready,ῥῆμα,21
ἡ ἀνάστασις,,forced move; move; evacuation,ὄνομα,21
ἡ οἴκησις,,dwelling,ὄνομα,21
ἡ φυλακή,,guard; garrison,ὄνομα,21
ὅστις,,"anyone who, whoever; anything that, whatever",ἀναφορικὴ ἀντωνυμία,21
ὅσος,,as great as; as much as,ἐπίθετον,21
πάντες ὅσοι,,"all that, whoever",λόγος,21
πάντα ὅσα,,"all that, whatever",λόγος,21
ἐπειδή,,when; since,σύνδεσμος,21
ἐπειδάν,,when (ever),σύνδεσμος,21
πρίν,,"until, before",σύνδεσμος,21
ἐνδίδωμι,,"give in, yield",ῥῆμα,22
ζεύγνυμι,,yoke,ῥῆμα,22
ὀδύρομαι,,grieve,ῥῆμα,22
προσδέχομαι,,"receive, admit; await, expect",ῥῆμα,22
ἡ ἅμαξα,,wagon,ὄνομα,22
ἡ βουλή,,plan; advice; Council,ὄνομα,22
τὸ ἔαρ,,spring,ὄνομα,22
οἱ οἰκεῖοι,,member of household; family; relations,ὄνομα,22
ὁ πύργος,,tower,ὄνομα,22
τὸ στρατόπεδον,,camp; army,ὄνομα,22
τοσόσδε,,so great; so many (pl),ἐπίθετον,22
ἐκτός,,outside (+gen),πρόθεσις,22
οὐδέποτε,,never,ἐπίρρημα,22
ὅπως,,"so that, in order to (+subj)",σύνδεσμος,22
ἐπεξέρχομαι,,"march ot against, attack (+dat)",ῥῆμα,23
καθέζομαι,,sit down; encamp,ῥῆμα,23
περιοράω,,"overlook, disregard",ῥῆμα,23
τάττω,,"marshal, draw up in battle array; I station, post",ῥῆμα,23
τέμνω,,cut; ravage,ῥῆμα,23
ἡ αἰτία,,blame; responsibility; cause,ὄνομα,23
ἡ εἰσβολή,ἡ ἐσβολή,invasion,ὄνομα,23
ἡ πεῖρα,,trial; attempt; test,ὄνομα,23
ἡ προσβολή,,attack,ὄνομα,23
τὸ φρούριον,,garrison,ὄνομα,23
τὸ χωρίον,,place; district,ὄνομα,23
ὁ χῶρος,,place,ὄνομα,23
ἐπιτήδειος,,friendly; suitable for,ἐπίθετον,23
ᾗπερ,,where,ἐπίρρημα,23
ὁπότε,,when,σύνδεσμος,23
ὁπόταν,,when(ever),σύνδεσμος,23
διαλύω,,disband (army); disperse (fleet),ῥῆμα,23
ἐάω,,"allow, let be",ῥῆμα,23
ἐμμένω,,remain in,ῥῆμα,23
ἐξαμαρτάνω,,miss; fail; make a mistake,ῥῆμα,23
οἴομαι,οἶμαι,think,ῥῆμα,23
ἡ ἐλπίς,,hope; expectation,ὄνομα,23
ἡ ἔξοδος,,going out; marching forth; military expedition,ὄνομα,23
τὸ στάδιον,,stade (607'/185m),ὄνομα,23
ἕκαστος,,each,ἐπίθετον,23
διδάσκω,,teach s.o. (+acc) something (+acc),ῥῆμα,24
ζάω,,live,ῥῆμα,24
μελετάω,,study; practice,ῥῆμα,24
παιδεύω,,educate,ῥῆμα,24
φοιτάω,,go; visit,ῥῆμα,24
τὸ γράμμα,,writing,ὄνομα,24
ὁ γραμματιστής,,schoolmaster,ὄνομα,24
ἡ γυμναστική,,gymnastics,ὄνομα,24
ὁ διδάσκαλος,,teacher,ὄνομα,24
ὁ κιθαριστής,,lyre player,ὄνομα,24
ἡ μουσική,,music,ὄνομα,24
ἡ παίδευσις,,education,ὄνομα,24
ὁ σοφιστής,,wise man; sophist,ὄνομα,24
ὁ τεκών,,parent,ὄνομα,24
ὁ υἱός,,son,ὄνομα,24
ἄδικος,,unjust,ἐπίθετον,24
αἰσχρός,,shameful,ἐπίθετον,24
ἄσμενος,,glad(ly),ἐπίθετον,24
δίκαιος,,just,ἐπίθετον,24
σμικρός,,small,ἐπίθετον,24
καθ ̓ ἡμέραν,,every day,λόγος,24
περὶ πολλοῦ ποιοῦμαι,,consider of great importance,λόγος,24
περὶ πλείστου ποιοῦμαι,,consider of greatest importance,λόγος,24
ἥδομαι,,"be glad, delighted; enjoy (+dat)",ῥῆμα,24
κιθαρίζω,,play the lyre,ῥῆμα,24
ἡ ἀρμονία,,harmony,ὄνομα,24
τὸ βιβλίον,,book,ὄνομα,24
ἡ διάνοια,,intention; intellect,ὄνομα,24
ὁ ἔπαινος,,praise,ὄνομα,24
ὁ μαθητής,,pupil,ὄνομα,24
ἡ πονηρία,,fault; wickedness,ὄνομα,24
ἡ πρᾶξις,,deed,ὄνομα,24
ὁ ῥυθμός,,rhythm,ὄνομα,24
τὸ σῶμα,,body,ὄνομα,24
ἡ σωφροσύνη,,"soundness of mind, prudence; moderation, self-control",ὄνομα,24
ἡ φωνή,,voice; speech,ὄνομα,24
ὄλβιος,,happy; blest; prosperous,ἐπίθετον,24
παλαιός,,old; of old,ἐπίθετον,24
χρήσιμος,,useful,ἐπίθετον,24
χρηστός,,useful; good,ἐπίθετον,24
αὖ,,again,ἐπίρρημα,24
ἀποδημέω,,be/go abroad,ῥῆμα,25
θάπτω,,bury,ῥῆμα,25
καταστρέφω,,overturn,ῥῆμα,25
κρίνω,,judge,ῥῆμα,25
ξενίζω,,entertain,ῥῆμα,25
περιάγω,,lead around,ῥῆμα,25
ἡ βασιλεία,,kingdom,ὄνομα,25
τὰ βασίλεια,,palace,ὄνομα,25
ὁ θεράπων,,attendant; servant,ὄνομα,25
ἡ θεωρία,,viewing; sight-seeing,ὄνομα,25
ὁ θησαυρός,,treasure; treasury,ὄνομα,25
ἡ σοφία,,wisdom,ὄνομα,25
ἡ τελευτή,,end,ὄνομα,25
οἷός τ ̓ εἰμί,,be able,λόγος,25
ἕλκω,,drag,ῥῆμα,25
καταφρονέω,,despise,ῥῆμα,25
ἡ εὐδαιμονία,,happiness; prosperity; good luck,ὄνομα,25
ἡ εὐχή,,prayer,ὄνομα,25
ὁ πλοῦτος,,wealth,ὄνομα,25
ἡ ῥώμη,,strength,ὄνομα,25
ἀμφότερος,,both,ἐπίθετον,25
ἱκανός,,sufficient; capable,ἐπίθετον,25
ἀπόλλυμι,,destroy; ruin; ose,ῥῆμα,26
δέομαι,,ask for (+acc); beg (+infin); want (+gen),ῥῆμα,26
ἐφίσταμαι,,stand near; appear to (in a dream)(+dat),ῥῆμα,26
καθαίρω,,purify,ῥῆμα,26
ὀνομάζω,,name; call,ῥῆμα,26
πυνθάνομαι,,inquire; learn by inquiry; hear; find out about,ῥῆμα,26
φαίνω,,show,ῥῆμα,26
φονεύω,,slay,ῥῆμα,26
ἡ ἀλήθεια,,truth,ὄνομα,26
ὁ γάμος,,marriage,ὄνομα,26
τὸ δόρυ,,spear,ὄνομα,26
ἡ νέμεσις,,retribution,ὄνομα,26
τὸ οἰκίον,,house; palace (pl),ὄνομα,26
ὁ ὄνειρος,,dream,ὄνομα,26
ἄκων,,unwilling(ly); involuntary(-ily),ἐπίθετον,26
ἕτερος,,one or the other (of two),ἐπίθετον,26
ὁ μὲν ἕτερος...ὁ δὲ ἕτερος,,the one...the other,λόγος,26
ὁπόθεν,,"whence, from where",ἐπίρρημα,26
ἀποφαίνω,,show; reveal; prove,ῥῆμα,26
μεθίημι,,set loose; let go,ῥῆμα,26
μέλει,,(there) is a care to X (dat) for Y (gen),ῥῆμα,26
μεταπέμπομαι,,send for,ῥῆμα,26
χαρίζομαι,,show favor to; oblige,ῥῆμα,26
ἡ ἄγρα,,hunt; hunting,ὄνομα,26
ἡ ἀθυμία,,lack of spirit; despair,ὄνομα,26
ἡ δειλία,,cowardice,ὄνομα,26
τὸ θηρίον,,"beast, wild beast",ὄνομα,26
ὁ κύκλος,,circle,ὄνομα,26
ἡ φήμη,,saying; report; voice; message,ὄνομα,26
ὁ φόνος,,murder,ὄνομα,26
ὁ φύλαξ,,guard; garrison,ὄνομα,26
ποῖος,,what kind of?,ἐπίθετον,26
ἀγείρω,,gather,ῥῆμα,27
ἀγωνίζομαι,,contend,ῥῆμα,27
ἀντιόομαι,,oppose (+dat),ῥῆμα,27
διαβαίνω,,cross,ῥῆμα,27
καταλύω,,"dissolve; reak up, destroy",ῥῆμα,27
μέμφομαι,,"blame, find fault with (+dat/acc)",ῥῆμα,27
παρακαλέω,,summon,ῥῆμα,27
φωνέω,,speak,ῥῆμα,27
τὸ ἀνάθημα,,temple offering,ὄνομα,27
ὁ ἀριθμός,,number,ὄνομα,27
τὸ δῶρον,,gift,ὄνομα,27
τὸ μαντεῖον,,oracle,ὄνομα,27
τὸ μέτρον,,measure,ὄνομα,27
τὸ ὅρκιον,,oath; treaty (pl),ὄνομα,27
τὸ στράτευμα,,army,ὄνομα,27
ἡ συμμαχία,,alliance,ὄνομα,27
ὁ χρησμός,,oracular response,ὄνομα,27
τὸ χρηστήριον,,oracular seat/response,ὄνομα,27
καρτερός,,strong; fierce,ἐπίθετον,27
οὐδέτερος,,neither,ἐπίθετον,27
ἄλλοσε,,to another place; to other places,ἐπίρρημα,27
ἄλλοι ἄλλοσε,,some to some places...others to other places,λόγος,27
ἀναστρέφω,,turn around,ῥῆμα,27
ἀνέχομαι,,turn around,ῥῆμα,27
ἱππεύω,,be a horseman; ride a horse,ῥῆμα,27
κτείνω,,kill,ῥῆμα,27
προστάττω,,command,ῥῆμα,27
φείδομαι,,spare (μὴν +gen),ῥῆμα,27
τὸ ἔθνος,,tribe; people,ὄνομα,27
τὸ ἱππικόν,,cavalry,ὄνομα,27
ὁ ἵππος,,horse,ὄνομα,27
ἡ ἵππος,,cavalry,ὄνομα,27
ἡ κάμηλος,,camel,ὄνομα,27
ὁ πεζός,,infantry,ὄνομα,27
ἄχρηστος,,useless,ἐπίθετον,27
δειλός,,cowardly,ἐπίθετον,27
ὅπισθε(ν),,behind (+gen),πρόθεσις,27
ὁπίσω,,backward,πρόθεσις,27
κατὰ τάχος,,quickly,λόγος,27
ἁλίσκομαι,,be caught; be taken,ῥῆμα,28
ἀναιρέομαι,,take up; pick up,ῥῆμα,28
διαφέρει,,it makes a ifference to (+dat),ῥῆμα,28
ἐπιβαίνω,,"get up on, mount (+gen); board (+dat)",ῥῆμα,28
κατακαίω,κατακτάω,burn completely,ῥῆμα,28
καταπαύω,,put an end to,ῥῆμα,28
πορθέω,,sack,ῥῆμα,28
προλέγω,,proclaim,ῥῆμα,28
ἡ ἀκρόπολις,,citadel,ὄνομα,28
ὁ δαίμων,,spirit; god; power controlling one's destiny,ὄνομα,28
τὸ δέος,,fear,ὄνομα,28
ἡ ζωή,,life,ὄνομα,28
ὁ ἱππεύς,,horseman; cavalryan,ὄνομα,28
ἡ πυρά,,funeral pyre,ὄνομα,28
εἴτε...εἴτε,,either...or,σύνδεσμος,28
αἱρέομαι,,choose,ῥῆμα,28
ἀναμιμνῄσκω,,remind someone (+acc) of something (+acc/gen),ῥῆμα,28
μέμνημαι,,remember,ῥῆμα,28
ἀναστενάζω,,groan aloud,ῥῆμα,28
ἐνθυμέομαι,,take to heart; ponder,ῥῆμα,28
ἐπικαλέω,,call upon,ῥῆμα,28
μεταγιγνώσκω,,change one's mind; repent,ῥῆμα,28
παρίσταμαι,,stand near/be; help (+dat),ῥῆμα,28
ἡ ἡσυχία,,quietness,ὄνομα,28
ἡ νεφέλη,,cloud,ὄνομα,28
ὁ ὄλβος,,"happiness, bliss; prosperity",ὄνομα,28
ἡ σιγή,,silence,ὄνομα,28
ἀνόητος,,foolish,ἐπίθετον,28
ἔσχατος,,furthest; extreme,ἐπίθετον,28
ἀντί,,instead of; against (+gen),πρόθεσις,28
περὶ οὐδενὸς ποιοῦμαι,,consider of no importance,λόγος,28
ἐκπνέω,,blow out; blow from,ῥῆμα,29
ἐπιγίγνομαι,,come after,ῥῆμα,29
ἐπιτίθεμαι,,"dissolve; reak up, destroy",ῥῆμα,29
ἐπιχειρέω,,attempt (+dat),ῥῆμα,29
παραπλέω,,sail by; sail past; sail along,ῥῆμα,29
στέλλω,,send; equip; take down (sails),ῥῆμα,29
συνάγω,ξυνάγω,bring together; compress,ῥῆμα,29
φρουρέω,,guard; be on guard,ῥῆμα,29
ἡ ἕως,,dawn,ὄνομα,29
ἡ ἤπειρος,,land; mainland,ὄνομα,29
ὁ κόλπος,,lap; gulf,ὄνομα,29
ἡ ναυμαχία,,naval battle,ὄνομα,29
τὸ πλοῖον,,boat,ὄνομα,29
τὸ πνεῦμα,,breeze,ὄνομα,29
ἡ πρύμνη,,stern (of a ship),ὄνομα,29
ἡ πρῷρα,,bow (of a ship),ὄνομα,29
ἡ τάξις,,rank; position,ὄνομα,29
ἡ ταραχή,,confusion,ὄνομα,29
εἴσω,ἔσω,inward,ἐπίρρημα,29
μήτε,,and not,σύνδεσμος,29
μήτε...μήτε,,neither...nor,σύνδεσμος,29
ἐπὶ τὴν ἕω,,at dawn,λόγος,29
κατὰ μέσον,,in the middle of,λόγος,29
ἀποστέλλω,,send off,ῥῆμα,29
ἐξαρτύω,,equip,ῥῆμα,29
καταδύω,,sink,ῥῆμα,29
προσπίπτω,,fall against/on (+dat),ῥῆμα,29
ταράττω,ταράσσω,confuse,ῥῆμα,29
χωρέω,,go; come,ῥῆμα,29
ἡ παρασκευή,,preparation,ὄνομα,29
τὸ τρόπαιον,,trophy,ὄνομα,29
κατέχω,,hold back,ῥῆμα,29
ὁρμίζω,,bring (a ship) into harbor,ῥῆμα,29
παρακελεύομαι,,"encourage, exhort",ῥῆμα,29
ἡ εὐρυχωρία,,broad waters,ὄνομα,29
ἡ ἧττα,ἡ ἧσσα,defeat,ὄνομα,29
τὸ πάθος,,experience; misfortune,ὄνομα,29
πρόθυμος,,eager,ἐπίθετον,29
οὗπερ,,where,ἐπίρρημα,29
ἀνάγομαι,,put out to sea,ῥῆμα,29
ἀπολαμβάνω,,"cut off, intercept",ῥῆμα,29
ἀφαιρέομαι,,take away for myself; save,ῥῆμα,29
διαφεύγω,,escape,ῥῆμα,29
ἐπεισβαίνω,ἐπεσβαίνω,go into,ῥῆμα,29
ἐπιβοηθέω,,come to aid (+dat),ῥῆμα,29
ἐπιστρέφω,,turn around,ῥῆμα,29
ὁρμέω,,lie at ancor,ῥῆμα,29
παραβοηθέω,,come to someone's aid (+dat),ῥῆμα,29
ὑπεκφεύγω,,escape,ῥῆμα,29
τὸ κέρας,,wing (of fleet/army),ὄνομα,29
τὰ ὅπλα,,weapons,ὄνομα,29
τὸ σημεῖον,,sign,ὄνομα,29
κενός,,empty,ἐπίθετον,29
ἅμα ἕῳ,ἅμ ̓ ἕῳ,at dawn,λόγος,29
ἐπιδιώκω,,pursue,ῥῆμα,29
καταφεύγω,,flee for refuge,ῥῆμα,29
περιμένω,,wait for,ῥῆμα,29
σφάζω,σφάττω,slay,ῥῆμα,29
ὑπομένω,,await (an attack); stand firm,ῥῆμα,29
φθάνω,,anticipate; do something before someone else,ῥῆμα,29
ἡ ἀταξία,,disorder,ὄνομα,29
ἡ βοήθεια,,help; aid,ὄνομα,29
ἡ κώπη,,oar,ὄνομα,29
τὸ ναυάγιον,,wrecked ship,ὄνομα,29
ἡ ὁλκάς,,merchant ship,ὄνομα,29
ἡ τροπή,,turn; turning; rout (of the enemy),ὄνομα,29
ἄτακτος,,disordered,ἐπίθετον,29
ἐναντίος,,opposed; opposite; hostile; enemy,ἐπίθετον,29
πλήν,,except (for)(+gen),πρόθεσις,29
ἀτάκτως,,in disorder,ἐπίρρημα,29
ὅθεν,,"from where, whence",ἐπίρρημα,29
ὅθενπερ,,"from where (indeed), whence (indeed)",ἐπίρρημα,29
δάκνω,,bite; sting,ῥῆμα,30
ἐράω,,love (+gen),ῥῆμα,30
λαλέω,,talk; chatter,ῥῆμα,30
λοιδορέω,,abuse,ῥῆμα,30
ὀδυνάω,,cause pain,ῥῆμα,30
στυγέω,,hate,ῥῆμα,30
ἡ καρδία,,heart,ὄνομα,30
οἱ πρυτάνεις,,presidents,ὄνομα,30
κύριος,,having authority; legitimate; regular,ἐπίθετον,30
ἀτεχνῶς,,simply; really,ἐπίρρημα,30
εἶτα,,"then, next",ἐπίρρημα,30
οὐδεπώποτε,,never yet,ἐπίρρημα,30
ἀδικέω,,(do) wrong; injure,ῥῆμα,30
αἰθάνομαι,,perceive; learn; apprehend (+gen/acc),ῥῆμα,30
ἄχθομαι,,be vexed (at); be grieved (by)(+dat),ῥῆμα,30
ἡγέομαι,,"lead; think, consider (+dat)",ῥῆμα,30
οἴχομαι,,"have gone, have departed",ῥῆμα,30
προσδοκάω,,expect,ῥῆμα,30
ὁ/ἡ ἀλαζών,,"imposter, charlatan, quack",ὄνομα,30
ἡ ἀσπίς,,shield,ὄνομα,30
ἡ βία,,force; violence,ὄνομα,30
ὁ μήν,,month,ὄνομα,30
ὁ/ἡ ὄρνις,,bird,ὄνομα,30
τὸ χρυσίον,,gold coin; money; jewelry,ὄνομα,30
ἀθάνατος,,immortal,ἐπίθετον,30
ὅλος,,"whole, entire",ἐπίθετον,30
χρυσοῦς,,golden,ἐπίθετον,30
πρόσθε(ν),,before (of time or place),ἐπίρρημα,30
σαφῶς,,clearly,ἐπίρρημα,30
εἰς τὸ πρόσθεν,,forward,λόγος,30
ναὶ μὰ Δία,,"yes, by Zeus!",λόγος,30
οἴμοι κακοδαίμων,,poor devil! oh misery!,λόγος,30
ἀνακράζω,,shout,ῥῆμα,30
σπένδω,,pour a libation,ῥῆμα,30
τὸ στόμα,,mouth,ὄνομα,30
μιαρός,,defiled; fould; villainous,ἐπίθετον,30
ᾄδω,,sing,ῥῆμα,30
ἀκολουθέω,,follow (+dat),ῥῆμα,30
ἀπάρχομαι,,begin,ῥῆμα,30
εὐφημέω,,keep holy silence,ῥῆμα,30
μηνύω,,inform,ῥῆμα,30
ἡ εὐφημία,,call for holy silence,ὄνομα,30
οἱ οἰκέται,,household members,ὄνομα,30
μακάριος,,blessed; happy,ἐπίθετον,30
ἐξόπισθε(ν),,behind (+gen),πρόθεσις,30
καὶ μήν,,"truly, indeed",ἐπίρρημα,30
σφόδρα,,very much,ἐπίρρημα,30